grib_id,hrap_x,hrap_y,bin_area,area_name
403307,868,360,711078,Alpharetta
403308,869,360,8423562,Alpharetta
403309,870,360,7755082,Alpharetta
403310,871,360,286657,Alpharetta
404428,868,361,7498100,Alpharetta
404429,869,361,14395580,Alpharetta
404430,870,361,15815189,Alpharetta
404431,871,361,3593775,Alpharetta
405549,868,362,28015,Alpharetta
405550,869,362,1294634,Alpharetta
405551,870,362,6491914,Alpharetta
405552,871,362,4365770,Alpharetta
389854,867,348,2887,Atlanta
389855,868,348,3616054,Atlanta
389856,869,348,264205,Atlanta
390975,867,349,2509093,Atlanta
390976,868,349,15622596,Atlanta
390977,869,349,4062789,Atlanta
390978,870,349,1232975,Atlanta
390979,871,349,5667715,Atlanta
390980,872,349,3124015,Atlanta
392096,867,350,6068637,Atlanta
392097,868,350,12889716,Atlanta
392098,869,350,13731623,Atlanta
392099,870,350,10981453,Atlanta
392100,871,350,15737033,Atlanta
392101,872,350,4483694,Atlanta
393217,867,351,4766956,Atlanta
393218,868,351,15758159,Atlanta
393219,869,351,15754435,Atlanta
393220,870,351,15750704,Atlanta
393221,871,351,14180496,Atlanta
393222,872,351,213749,Atlanta
394338,867,352,4083901,Atlanta
394339,868,352,15768104,Atlanta
394340,869,352,15764377,Atlanta
394341,870,352,15760642,Atlanta
394342,871,352,8577599,Atlanta
395459,867,353,37,Atlanta
395460,868,353,12007214,Atlanta
395461,869,353,15774320,Atlanta
395462,870,353,15769926,Atlanta
395463,871,353,2799804,Atlanta
396581,868,354,13020118,Atlanta
396582,869,354,15784265,Atlanta
396583,870,354,12767898,Atlanta
397702,868,355,1796316,Atlanta
397703,869,355,8088041,Atlanta
397704,870,355,5795695,Atlanta
383123,862,342,71968,Chattahoochee_Hills
383124,863,342,6072947,Chattahoochee_Hills
383125,864,342,5973522,Chattahoochee_Hills
383126,865,342,850632,Chattahoochee_Hills
384244,862,343,57742,Chattahoochee_Hills
384245,863,343,14801006,Chattahoochee_Hills
384246,864,343,15693368,Chattahoochee_Hills
384247,865,343,14564765,Chattahoochee_Hills
384248,866,343,3221122,Chattahoochee_Hills
385366,863,344,11259008,Chattahoochee_Hills
385367,864,344,15703315,Chattahoochee_Hills
385368,865,344,11849374,Chattahoochee_Hills
385369,866,344,5830881,Chattahoochee_Hills
386487,863,345,3414695,Chattahoochee_Hills
386488,864,345,15439234,Chattahoochee_Hills
386489,865,345,9170965,Chattahoochee_Hills
386490,866,345,1220931,Chattahoochee_Hills
387608,863,346,46064,Chattahoochee_Hills
387609,864,346,6745348,Chattahoochee_Hills
387610,865,346,9186956,Chattahoochee_Hills
388731,865,347,1685118,Chattahoochee_Hills
388735,869,347,3777669,College_Park
388736,870,347,1656448,College_Park
389856,869,348,4179200,College_Park
389857,870,348,6183117,College_Park
390977,869,349,991116,College_Park
390978,870,349,4976355,College_Park
383123,862,342,71968,Countywide
383124,863,342,6072947,Countywide
383125,864,342,5973522,Countywide
383126,865,342,850632,Countywide
384244,862,343,57742,Countywide
384245,863,343,14801006,Countywide
384246,864,343,15693368,Countywide
384247,865,343,15086782,Countywide
384248,866,343,9840741,Countywide
384249,867,343,4010351,Countywide
384250,868,343,1288429,Countywide
385366,863,344,11259008,Countywide
385367,864,344,15703315,Countywide
385368,865,344,15699642,Countywide
385369,866,344,15695963,Countywide
385370,867,344,15692277,Countywide
385371,868,344,10954822,Countywide
385372,869,344,755683,Countywide
386487,863,345,3414695,Countywide
386488,864,345,15439234,Countywide
386489,865,345,15709587,Countywide
386490,866,345,15705904,Countywide
386491,867,345,15702215,Countywide
386492,868,345,15698518,Countywide
386493,869,345,13210003,Countywide
386494,870,345,2919817,Countywide
387608,863,346,46064,Countywide
387609,864,346,6745348,Countywide
387610,865,346,15669876,Countywide
387611,866,346,15715847,Countywide
387612,867,346,15712154,Countywide
387613,868,346,15708455,Countywide
387614,869,346,15704748,Countywide
387615,870,346,15032940,Countywide
387616,871,346,600281,Countywide
388731,865,347,6755555,Countywide
388732,866,347,15725792,Countywide
388733,867,347,15722095,Countywide
388734,868,347,15718392,Countywide
388735,869,347,15714682,Countywide
388736,870,347,11107751,Countywide
389852,865,348,2222896,Countywide
389853,866,348,15661176,Countywide
389854,867,348,15732038,Countywide
389855,868,348,15728331,Countywide
389856,869,348,15724618,Countywide
389857,870,348,6183117,Countywide
390974,866,349,10772338,Countywide
390975,867,349,15741983,Countywide
390976,868,349,15738272,Countywide
390977,869,349,15734555,Countywide
390978,870,349,15165576,Countywide
390979,871,349,10357958,Countywide
390980,872,349,3124015,Countywide
392095,866,350,3940857,Countywide
392096,867,350,15751929,Countywide
392097,868,350,15748215,Countywide
392098,869,350,15744494,Countywide
392099,870,350,15740767,Countywide
392100,871,350,15737033,Countywide
392101,872,350,4483694,Countywide
393216,866,351,10662,Countywide
393217,867,351,12179128,Countywide
393218,868,351,15758159,Countywide
393219,869,351,15754435,Countywide
393220,870,351,15750704,Countywide
393221,871,351,14180496,Countywide
393222,872,351,213749,Countywide
394338,867,352,4205000,Countywide
394339,868,352,15768104,Countywide
394340,869,352,15764377,Countywide
394341,870,352,15760642,Countywide
394342,871,352,8577599,Countywide
395459,867,353,37,Countywide
395460,868,353,12007214,Countywide
395461,869,353,15774320,Countywide
395462,870,353,15769926,Countywide
395463,871,353,2799804,Countywide
396581,868,354,13020118,Countywide
396582,869,354,15784265,Countywide
396583,870,354,12767898,Countywide
397701,867,355,553259,Countywide
397702,868,355,14254499,Countywide
397703,869,355,15794212,Countywide
397704,870,355,6919386,Countywide
398822,867,356,130453,Countywide
398823,868,356,12703094,Countywide
398824,869,356,15510593,Countywide
398825,870,356,1350369,Countywide
399944,868,357,6137306,Countywide
399945,869,357,11052755,Countywide
401064,867,358,439454,Countywide
401065,868,358,9616358,Countywide
401066,869,358,13723998,Countywide
401067,870,358,10546038,Countywide
401068,871,358,2370548,Countywide
402184,866,359,2033,Countywide
402185,867,359,8746841,Countywide
402186,868,359,15837766,Countywide
402187,869,359,15834013,Countywide
402188,870,359,15830254,Countywide
402189,871,359,4986497,Countywide
402190,872,359,290434,Countywide
403305,866,360,2986988,Countywide
403306,867,360,15851473,Countywide
403307,868,360,15847723,Countywide
403308,869,360,15843967,Countywide
403309,870,360,15840204,Countywide
403310,871,360,15312657,Countywide
403311,872,360,10421068,Countywide
404426,866,361,2402740,Countywide
404427,867,361,14475315,Countywide
404428,868,361,15857682,Countywide
404429,869,361,15853923,Countywide
404430,870,361,15850156,Countywide
404431,871,361,15846383,Countywide
404432,872,361,14566453,Countywide
404433,873,361,5964532,Countywide
405548,867,362,7894768,Countywide
405549,868,362,15867643,Countywide
405550,869,362,15151820,Countywide
405551,870,362,8260721,Countywide
405552,871,362,8084882,Countywide
405553,872,362,2725252,Countywide
405554,873,362,2949089,Countywide
405555,874,362,77347,Countywide
406669,867,363,9097868,Countywide
406670,868,363,15877605,Countywide
406671,869,363,9951604,Countywide
407790,867,364,184193,Countywide
407791,868,364,4411280,Countywide
407792,869,364,2774146,Countywide
388734,868,347,51278,East_Point
388735,869,347,182588,East_Point
389855,868,348,3282759,East_Point
389856,869,348,9686801,East_Point
390977,869,349,10680650,East_Point
390978,870,349,7505114,East_Point
392098,869,350,2012871,East_Point
392099,870,350,4759313,East_Point
384249,867,343,478962,Fairburn
384250,868,343,1288429,Fairburn
385370,867,344,3803676,Fairburn
385371,868,344,10763112,Fairburn
385372,869,344,135414,Fairburn
386491,867,345,8570229,Fairburn
386492,868,345,12639164,Fairburn
386493,869,345,3609232,Fairburn
387612,867,346,1406513,Fairburn
387613,868,346,1535956,Fairburn
393217,867,351,4237502,Fulton_County
394338,867,352,753,Fulton_County
390978,870,349,1451130,Hapeville
390979,871,349,4690243,Hapeville
402188,870,359,4133041,Johns_Creek
402189,871,359,4160694,Johns_Creek
402190,872,359,290434,Johns_Creek
403309,870,360,4974162,Johns_Creek
403310,871,360,15025999,Johns_Creek
403311,872,360,10421068,Johns_Creek
404430,870,361,34966,Johns_Creek
404431,871,361,12252607,Johns_Creek
404432,872,361,14566453,Johns_Creek
404433,873,361,5964532,Johns_Creek
405552,871,362,3719112,Johns_Creek
405553,872,362,2725252,Johns_Creek
405554,873,362,2949089,Johns_Creek
405555,874,362,77347,Johns_Creek
403306,867,360,875686,Milton
404427,867,361,9445859,Milton
404428,868,361,8051551,Milton
404429,869,361,1320310,Milton
405548,867,362,7894768,Milton
405549,868,362,15839628,Milton
405550,869,362,13857185,Milton
405551,870,362,1768807,Milton
406669,867,363,9097868,Milton
406670,868,363,15877605,Milton
406671,869,363,9951604,Milton
407790,867,364,184193,Milton
407791,868,364,4411280,Milton
407792,869,364,2774146,Milton
403305,866,360,917782,Mountain_Park
403306,867,360,303814,Mountain_Park
384247,865,343,522017,Palmetto
384248,866,343,6619619,Palmetto
384249,867,343,3531389,Palmetto
385368,865,344,3850268,Palmetto
385369,866,344,6494317,Palmetto
385370,867,344,7695660,Palmetto
386490,866,345,224431,Palmetto
386491,867,345,5994,Palmetto
401064,867,358,439454,Roswell
401065,868,358,4246900,Roswell
401066,869,358,730208,Roswell
401067,870,358,1790660,Roswell
401068,871,358,358359,Roswell
402184,866,359,2033,Roswell
402185,867,359,8746841,Roswell
402186,868,359,15837261,Roswell
402187,869,359,14066288,Roswell
402188,870,359,11479736,Roswell
402189,871,359,825803,Roswell
403305,866,360,2069206,Roswell
403306,867,360,14671972,Roswell
403307,868,360,15136645,Roswell
403308,869,360,7420404,Roswell
403309,870,360,3110959,Roswell
404426,866,361,2402740,Roswell
404427,867,361,5029455,Roswell
404428,868,361,308030,Roswell
404429,869,361,138031,Roswell
397701,867,355,553259,Sandy_Springs
397702,868,355,12458182,Sandy_Springs
397703,869,355,7706170,Sandy_Springs
397704,870,355,1123690,Sandy_Springs
398822,867,356,130453,Sandy_Springs
398823,868,356,12703094,Sandy_Springs
398824,869,356,15510593,Sandy_Springs
398825,870,356,1350369,Sandy_Springs
399944,868,357,6137306,Sandy_Springs
399945,869,357,11052755,Sandy_Springs
401065,868,358,5369458,Sandy_Springs
401066,869,358,12993789,Sandy_Springs
401067,870,358,8755378,Sandy_Springs
401068,871,358,2012188,Sandy_Springs
402186,868,359,504,Sandy_Springs
402187,869,359,1767724,Sandy_Springs
402188,870,359,217475,Sandy_Springs
385369,866,344,3370763,South_Fulton
385370,867,344,4192939,South_Fulton
385371,868,344,191709,South_Fulton
385372,869,344,620268,South_Fulton
386489,865,345,6538621,South_Fulton
386490,866,345,12375344,South_Fulton
386491,867,345,7046079,South_Fulton
386492,868,345,2004891,South_Fulton
386493,869,345,6236507,South_Fulton
386494,870,345,2879322,South_Fulton
387610,865,346,6482920,South_Fulton
387611,866,346,14314841,South_Fulton
387612,867,346,4557427,South_Fulton
387613,868,346,2034693,South_Fulton
387614,869,346,5836555,South_Fulton
387615,870,346,15032940,South_Fulton
387616,871,346,600281,South_Fulton
388731,865,347,5070437,South_Fulton
388732,866,347,15725792,South_Fulton
388733,867,347,12328269,South_Fulton
388734,868,347,9366713,South_Fulton
388735,869,347,9849181,South_Fulton
388736,870,347,9441072,South_Fulton
389852,865,348,2222896,South_Fulton
389853,866,348,15661176,South_Fulton
389854,867,348,15729151,South_Fulton
389855,868,348,8829517,South_Fulton
389856,869,348,1594411,South_Fulton
390974,866,349,10772338,South_Fulton
390975,867,349,13232889,South_Fulton
390976,868,349,115676,South_Fulton
392095,866,350,3940857,South_Fulton
392096,867,350,9683291,South_Fulton
392097,868,350,2858499,South_Fulton
393216,866,351,10662,South_Fulton
393217,867,351,3174669,South_Fulton
394338,867,352,120345,South_Fulton
386490,866,345,1885197,Union_City
386491,867,345,79912,Union_City
386492,868,345,1054462,Union_City
386493,869,345,3364264,Union_City
386494,870,345,40494,Union_City
387611,866,346,1401006,Union_City
387612,867,346,9748213,Union_City
387613,868,346,12137804,Union_City
387614,869,346,9868193,Union_City
388733,867,347,3393826,Union_City
388734,868,347,6300400,Union_City
388735,869,347,1905244,Union_City
388736,870,347,10231,Union_City
