grib_id,hrap_x,hrap_y,bin_area,area_name
463974,1001,414,980478,nh_cf-entire-mask
463975,1002,414,169493,nh_cf-entire-mask
463977,1004,414,19098,nh_cf-entire-mask
463978,1005,414,3456738,nh_cf-entire-mask
463979,1006,414,1271762,nh_cf-entire-mask
465095,1001,415,10409385,nh_cf-entire-mask
465096,1002,415,15445056,nh_cf-entire-mask
465097,1003,415,13642127,nh_cf-entire-mask
465098,1004,415,12095993,nh_cf-entire-mask
465099,1005,415,15765319,nh_cf-entire-mask
465100,1006,415,2014439,nh_cf-entire-mask
466216,1001,416,3991139,nh_cf-entire-mask
466217,1002,416,15821824,nh_cf-entire-mask
466218,1003,416,15817205,nh_cf-entire-mask
466219,1004,416,15812584,nh_cf-entire-mask
466220,1005,416,13522501,nh_cf-entire-mask
467337,1001,417,9413630,nh_cf-entire-mask
467338,1002,417,15830920,nh_cf-entire-mask
467339,1003,417,15826293,nh_cf-entire-mask
467340,1004,417,15821663,nh_cf-entire-mask
467341,1005,417,12332889,nh_cf-entire-mask
468454,997,418,439,nh_cf-entire-mask
468455,998,418,4665128,nh_cf-entire-mask
468456,999,418,3017066,nh_cf-entire-mask
468457,1000,418,5297171,nh_cf-entire-mask
468458,1001,418,15105430,nh_cf-entire-mask
468459,1002,418,15840026,nh_cf-entire-mask
468460,1003,418,15835390,nh_cf-entire-mask
468461,1004,418,15830751,nh_cf-entire-mask
468462,1005,418,10920511,nh_cf-entire-mask
469574,996,419,6317627,nh_cf-entire-mask
469575,997,419,13319222,nh_cf-entire-mask
469576,998,419,15867689,nh_cf-entire-mask
469577,999,419,15848976,nh_cf-entire-mask
469578,1000,419,15858422,nh_cf-entire-mask
469579,1001,419,15853783,nh_cf-entire-mask
469580,1002,419,15849142,nh_cf-entire-mask
469581,1003,419,15844497,nh_cf-entire-mask
469582,1004,419,15839849,nh_cf-entire-mask
469583,1005,419,8678005,nh_cf-entire-mask
470691,992,420,494533,nh_cf-entire-mask
470692,993,420,9530509,nh_cf-entire-mask
470693,994,420,10518929,nh_cf-entire-mask
470694,995,420,6658225,nh_cf-entire-mask
470695,996,420,14384228,nh_cf-entire-mask
470696,997,420,15881488,nh_cf-entire-mask
470697,998,420,15876850,nh_cf-entire-mask
470698,999,420,15872209,nh_cf-entire-mask
470699,1000,420,15867565,nh_cf-entire-mask
470700,1001,420,15862918,nh_cf-entire-mask
470701,1002,420,15858267,nh_cf-entire-mask
470702,1003,420,15853613,nh_cf-entire-mask
470703,1004,420,15848956,nh_cf-entire-mask
470704,1005,420,6204297,nh_cf-entire-mask
471812,992,421,3257600,nh_cf-entire-mask
471813,993,421,15909222,nh_cf-entire-mask
471814,994,421,15904588,nh_cf-entire-mask
471815,995,421,15899951,nh_cf-entire-mask
471816,996,421,15895311,nh_cf-entire-mask
471817,997,421,15890668,nh_cf-entire-mask
471818,998,421,15886021,nh_cf-entire-mask
471819,999,421,15881371,nh_cf-entire-mask
471820,1000,421,15876718,nh_cf-entire-mask
471821,1001,421,15872062,nh_cf-entire-mask
471822,1002,421,15867403,nh_cf-entire-mask
471823,1003,421,15862740,nh_cf-entire-mask
471824,1004,421,15858074,nh_cf-entire-mask
471825,1005,421,3894866,nh_cf-entire-mask
472932,991,422,5105399,nh_cf-entire-mask
472933,992,422,12034724,nh_cf-entire-mask
472934,993,422,15918447,nh_cf-entire-mask
472935,994,422,15913805,nh_cf-entire-mask
472936,995,422,15909159,nh_cf-entire-mask
472937,996,422,15904510,nh_cf-entire-mask
472938,997,422,15899858,nh_cf-entire-mask
472939,998,422,15895202,nh_cf-entire-mask
472940,999,422,15890543,nh_cf-entire-mask
472941,1000,422,15885881,nh_cf-entire-mask
472942,1001,422,15881216,nh_cf-entire-mask
472943,1002,422,15876548,nh_cf-entire-mask
472944,1003,422,15871876,nh_cf-entire-mask
472945,1004,422,15867201,nh_cf-entire-mask
472946,1005,422,2396986,nh_cf-entire-mask
474051,989,423,1009,nh_cf-entire-mask
474053,991,423,9742454,nh_cf-entire-mask
474054,992,423,15932331,nh_cf-entire-mask
474055,993,423,15927683,nh_cf-entire-mask
474056,994,423,15923031,nh_cf-entire-mask
474057,995,423,15918377,nh_cf-entire-mask
474058,996,423,15913719,nh_cf-entire-mask
474059,997,423,15909057,nh_cf-entire-mask
474060,998,423,15904393,nh_cf-entire-mask
474061,999,423,15899725,nh_cf-entire-mask
474062,1000,423,15895054,nh_cf-entire-mask
474063,1001,423,15890380,nh_cf-entire-mask
474064,1002,423,15885702,nh_cf-entire-mask
474065,1003,423,15881022,nh_cf-entire-mask
474066,1004,423,15876338,nh_cf-entire-mask
474067,1005,423,1038323,nh_cf-entire-mask
475170,987,424,102157,nh_cf-entire-mask
475171,988,424,8026370,nh_cf-entire-mask
475172,989,424,13849724,nh_cf-entire-mask
475173,990,424,15247338,nh_cf-entire-mask
475174,991,424,15614188,nh_cf-entire-mask
475175,992,424,15941585,nh_cf-entire-mask
475176,993,424,15936928,nh_cf-entire-mask
475177,994,424,15932268,nh_cf-entire-mask
475178,995,424,15927604,nh_cf-entire-mask
475179,996,424,15922937,nh_cf-entire-mask
475180,997,424,15918267,nh_cf-entire-mask
475181,998,424,15913594,nh_cf-entire-mask
475182,999,424,15908917,nh_cf-entire-mask
475183,1000,424,15904237,nh_cf-entire-mask
475184,1001,424,15899553,nh_cf-entire-mask
475185,1002,424,15894867,nh_cf-entire-mask
475186,1003,424,15890177,nh_cf-entire-mask
475187,1004,424,15885485,nh_cf-entire-mask
475188,1005,424,1458068,nh_cf-entire-mask
476286,982,425,26834,nh_cf-entire-mask
476287,983,425,570408,nh_cf-entire-mask
476288,984,425,1237563,nh_cf-entire-mask
476289,985,425,3186657,nh_cf-entire-mask
476290,986,425,84389,nh_cf-entire-mask
476291,987,425,7105472,nh_cf-entire-mask
476292,988,425,15960404,nh_cf-entire-mask
476293,989,425,15964828,nh_cf-entire-mask
476294,990,425,15960172,nh_cf-entire-mask
476295,991,425,15955513,nh_cf-entire-mask
476296,992,425,15950850,nh_cf-entire-mask
476297,993,425,15946184,nh_cf-entire-mask
476298,994,425,15941514,nh_cf-entire-mask
476299,995,425,15936842,nh_cf-entire-mask
476300,996,425,15932166,nh_cf-entire-mask
476301,997,425,15927487,nh_cf-entire-mask
476302,998,425,15922804,nh_cf-entire-mask
476303,999,425,15918118,nh_cf-entire-mask
476304,1000,425,15913429,nh_cf-entire-mask
476305,1001,425,15908737,nh_cf-entire-mask
476306,1002,425,15904041,nh_cf-entire-mask
476307,1003,425,15899343,nh_cf-entire-mask
476308,1004,425,15894641,nh_cf-entire-mask
476309,1005,425,3066425,nh_cf-entire-mask
477406,981,426,4029167,nh_cf-entire-mask
477407,982,426,11921777,nh_cf-entire-mask
477408,983,426,14878751,nh_cf-entire-mask
477409,984,426,14473131,nh_cf-entire-mask
477410,985,426,15990188,nh_cf-entire-mask
477411,986,426,14447603,nh_cf-entire-mask
477412,987,426,15339811,nh_cf-entire-mask
477413,988,426,15978791,nh_cf-entire-mask
477414,989,426,15974130,nh_cf-entire-mask
477415,990,426,15969465,nh_cf-entire-mask
477416,991,426,15964796,nh_cf-entire-mask
477417,992,426,15960125,nh_cf-entire-mask
477418,993,426,15955449,nh_cf-entire-mask
477419,994,426,15950771,nh_cf-entire-mask
477420,995,426,15946089,nh_cf-entire-mask
477421,996,426,15941404,nh_cf-entire-mask
477422,997,426,15936716,nh_cf-entire-mask
477423,998,426,15932024,nh_cf-entire-mask
477424,999,426,15927330,nh_cf-entire-mask
477425,1000,426,15922632,nh_cf-entire-mask
477426,1001,426,15917930,nh_cf-entire-mask
477427,1002,426,15913226,nh_cf-entire-mask
477428,1003,426,15908518,nh_cf-entire-mask
477429,1004,426,15903807,nh_cf-entire-mask
477430,1005,426,4357791,nh_cf-entire-mask
478526,980,427,11502872,nh_cf-entire-mask
478527,981,427,15615793,nh_cf-entire-mask
478528,982,427,16016064,nh_cf-entire-mask
478529,983,427,16011414,nh_cf-entire-mask
478530,984,427,16006760,nh_cf-entire-mask
478531,985,427,16002104,nh_cf-entire-mask
478532,986,427,15997443,nh_cf-entire-mask
478533,987,427,15992779,nh_cf-entire-mask
478534,988,427,15988112,nh_cf-entire-mask
478535,989,427,15983441,nh_cf-entire-mask
478536,990,427,15978767,nh_cf-entire-mask
478537,991,427,15974090,nh_cf-entire-mask
478538,992,427,15969409,nh_cf-entire-mask
478539,993,427,15964725,nh_cf-entire-mask
478540,994,427,15960038,nh_cf-entire-mask
478541,995,427,15955347,nh_cf-entire-mask
478542,996,427,15950653,nh_cf-entire-mask
478543,997,427,15945955,nh_cf-entire-mask
478544,998,427,15941255,nh_cf-entire-mask
478545,999,427,15936551,nh_cf-entire-mask
478546,1000,427,15931844,nh_cf-entire-mask
478547,1001,427,15927133,nh_cf-entire-mask
478548,1002,427,15922420,nh_cf-entire-mask
478549,1003,427,15917703,nh_cf-entire-mask
478550,1004,427,15912983,nh_cf-entire-mask
478551,1005,427,6616184,nh_cf-entire-mask
479644,977,428,2076989,nh_cf-entire-mask
479645,978,428,8494024,nh_cf-entire-mask
479646,979,428,10670993,nh_cf-entire-mask
479647,980,428,13754094,nh_cf-entire-mask
479648,981,428,16030105,nh_cf-entire-mask
479649,982,428,16025449,nh_cf-entire-mask
479650,983,428,16020790,nh_cf-entire-mask
479651,984,428,16016128,nh_cf-entire-mask
479652,985,428,16011462,nh_cf-entire-mask
479653,986,428,16006792,nh_cf-entire-mask
479654,987,428,16002119,nh_cf-entire-mask
479655,988,428,15997443,nh_cf-entire-mask
479656,989,428,15992763,nh_cf-entire-mask
479657,990,428,15988080,nh_cf-entire-mask
479658,991,428,15983394,nh_cf-entire-mask
479659,992,428,15978704,nh_cf-entire-mask
479660,993,428,15974011,nh_cf-entire-mask
479661,994,428,15969314,nh_cf-entire-mask
479662,995,428,15964614,nh_cf-entire-mask
479663,996,428,15959911,nh_cf-entire-mask
479664,997,428,15955205,nh_cf-entire-mask
479665,998,428,15950495,nh_cf-entire-mask
479666,999,428,15945782,nh_cf-entire-mask
479667,1000,428,15941066,nh_cf-entire-mask
479668,1001,428,15936346,nh_cf-entire-mask
479669,1002,428,15931624,nh_cf-entire-mask
479670,1003,428,15926898,nh_cf-entire-mask
479671,1004,428,15922169,nh_cf-entire-mask
479672,1005,428,6157596,nh_cf-entire-mask
480754,966,429,1095544,nh_cf-entire-mask
480755,967,429,151820,nh_cf-entire-mask
480762,974,429,3764,nh_cf-entire-mask
480763,975,429,7757138,nh_cf-entire-mask
480764,976,429,5857914,nh_cf-entire-mask
480765,977,429,13167239,nh_cf-entire-mask
480766,978,429,16053483,nh_cf-entire-mask
480767,979,429,16048829,nh_cf-entire-mask
480768,980,429,16044171,nh_cf-entire-mask
480769,981,429,16039510,nh_cf-entire-mask
480770,982,429,16034845,nh_cf-entire-mask
480771,983,429,16030177,nh_cf-entire-mask
480772,984,429,16025505,nh_cf-entire-mask
480773,985,429,16020830,nh_cf-entire-mask
480774,986,429,16016152,nh_cf-entire-mask
480775,987,429,16011470,nh_cf-entire-mask
480776,988,429,16006784,nh_cf-entire-mask
480777,989,429,16002096,nh_cf-entire-mask
480778,990,429,15997403,nh_cf-entire-mask
480779,991,429,15992708,nh_cf-entire-mask
480780,992,429,15988009,nh_cf-entire-mask
480781,993,429,15983306,nh_cf-entire-mask
480782,994,429,15978601,nh_cf-entire-mask
480783,995,429,15973892,nh_cf-entire-mask
480784,996,429,15969180,nh_cf-entire-mask
480785,997,429,15964464,nh_cf-entire-mask
480786,998,429,15959745,nh_cf-entire-mask
480787,999,429,15955023,nh_cf-entire-mask
480788,1000,429,15950298,nh_cf-entire-mask
480789,1001,429,15945569,nh_cf-entire-mask
480790,1002,429,15940838,nh_cf-entire-mask
480791,1003,429,15936103,nh_cf-entire-mask
480792,1004,429,12667028,nh_cf-entire-mask
480793,1005,429,862221,nh_cf-entire-mask
481872,963,430,4056985,nh_cf-entire-mask
481873,964,430,12641319,nh_cf-entire-mask
481874,965,430,12409617,nh_cf-entire-mask
481875,966,430,15554833,nh_cf-entire-mask
481876,967,430,12372486,nh_cf-entire-mask
481877,968,430,8357093,nh_cf-entire-mask
481878,969,430,11563634,nh_cf-entire-mask
481879,970,430,9437708,nh_cf-entire-mask
481883,974,430,8393513,nh_cf-entire-mask
481884,975,430,16076893,nh_cf-entire-mask
481885,976,430,16072241,nh_cf-entire-mask
481886,977,430,16067585,nh_cf-entire-mask
481887,978,430,16062925,nh_cf-entire-mask
481888,979,430,16058262,nh_cf-entire-mask
481889,980,430,16053595,nh_cf-entire-mask
481890,981,430,16048925,nh_cf-entire-mask
481891,982,430,16044251,nh_cf-entire-mask
481892,983,430,16039574,nh_cf-entire-mask
481893,984,430,16034893,nh_cf-entire-mask
481894,985,430,16030209,nh_cf-entire-mask
481895,986,430,16025521,nh_cf-entire-mask
481896,987,430,16020830,nh_cf-entire-mask
481897,988,430,16016136,nh_cf-entire-mask
481898,989,430,16011438,nh_cf-entire-mask
481899,990,430,16006737,nh_cf-entire-mask
481900,991,430,16002032,nh_cf-entire-mask
481901,992,430,15997324,nh_cf-entire-mask
481902,993,430,15992612,nh_cf-entire-mask
481903,994,430,15987898,nh_cf-entire-mask
481904,995,430,15983179,nh_cf-entire-mask
481905,996,430,15978458,nh_cf-entire-mask
481906,997,430,15973733,nh_cf-entire-mask
481907,998,430,15969005,nh_cf-entire-mask
481908,999,430,15964274,nh_cf-entire-mask
481909,1000,430,15959540,nh_cf-entire-mask
481910,1001,430,15954802,nh_cf-entire-mask
481911,1002,430,15950061,nh_cf-entire-mask
481912,1003,430,15945317,nh_cf-entire-mask
481913,1004,430,12984111,nh_cf-entire-mask
482991,961,431,257,nh_cf-entire-mask
482992,962,431,8870215,nh_cf-entire-mask
482993,963,431,16120692,nh_cf-entire-mask
482994,964,431,16137408,nh_cf-entire-mask
482995,965,431,16132787,nh_cf-entire-mask
482996,966,431,16128162,nh_cf-entire-mask
482997,967,431,16123534,nh_cf-entire-mask
482998,968,431,16118902,nh_cf-entire-mask
482999,969,431,16114266,nh_cf-entire-mask
483000,970,431,15603366,nh_cf-entire-mask
483001,971,431,7180407,nh_cf-entire-mask
483002,972,431,5032580,nh_cf-entire-mask
483003,973,431,3805994,nh_cf-entire-mask
483004,974,431,14346233,nh_cf-entire-mask
483005,975,431,16086374,nh_cf-entire-mask
483006,976,431,16081712,nh_cf-entire-mask
483007,977,431,16077047,nh_cf-entire-mask
483008,978,431,16072378,nh_cf-entire-mask
483009,979,431,16067706,nh_cf-entire-mask
483010,980,431,16063030,nh_cf-entire-mask
483011,981,431,16058351,nh_cf-entire-mask
483012,982,431,16053668,nh_cf-entire-mask
483013,983,431,16048981,nh_cf-entire-mask
483014,984,431,16044292,nh_cf-entire-mask
483015,985,431,16039598,nh_cf-entire-mask
483016,986,431,16034901,nh_cf-entire-mask
483017,987,431,16030201,nh_cf-entire-mask
483018,988,431,16025497,nh_cf-entire-mask
483019,989,431,16020790,nh_cf-entire-mask
483020,990,431,16016080,nh_cf-entire-mask
483021,991,431,16011366,nh_cf-entire-mask
483022,992,431,16006649,nh_cf-entire-mask
483023,993,431,16001928,nh_cf-entire-mask
483024,994,431,15997204,nh_cf-entire-mask
483025,995,431,15992477,nh_cf-entire-mask
483026,996,431,15987747,nh_cf-entire-mask
483027,997,431,15983013,nh_cf-entire-mask
483028,998,431,15978276,nh_cf-entire-mask
483029,999,431,15973535,nh_cf-entire-mask
483030,1000,431,15968792,nh_cf-entire-mask
483031,1001,431,15964045,nh_cf-entire-mask
483032,1002,431,15959295,nh_cf-entire-mask
483033,1003,431,15954542,nh_cf-entire-mask
483034,1004,431,15440609,nh_cf-entire-mask
483035,1005,431,1023361,nh_cf-entire-mask
484102,951,432,0,nh_cf-entire-mask
484103,952,432,4271,nh_cf-entire-mask
484108,957,432,9374,nh_cf-entire-mask
484109,958,432,511545,nh_cf-entire-mask
484111,960,432,22200,nh_cf-entire-mask
484112,961,432,11694334,nh_cf-entire-mask
484113,962,432,16156248,nh_cf-entire-mask
484114,963,432,16151626,nh_cf-entire-mask
484115,964,432,16146999,nh_cf-entire-mask
484116,965,432,16142369,nh_cf-entire-mask
484117,966,432,16137736,nh_cf-entire-mask
484118,967,432,16133098,nh_cf-entire-mask
484119,968,432,16128457,nh_cf-entire-mask
484120,969,432,16123812,nh_cf-entire-mask
484121,970,432,16119163,nh_cf-entire-mask
484122,971,432,16114511,nh_cf-entire-mask
484123,972,432,16109855,nh_cf-entire-mask
484124,973,432,16105195,nh_cf-entire-mask
484125,974,432,16100532,nh_cf-entire-mask
484126,975,432,16095864,nh_cf-entire-mask
484127,976,432,16091194,nh_cf-entire-mask
484128,977,432,16086520,nh_cf-entire-mask
484129,978,432,16081842,nh_cf-entire-mask
484130,979,432,16077160,nh_cf-entire-mask
484131,980,432,16072475,nh_cf-entire-mask
484132,981,432,16067787,nh_cf-entire-mask
484133,982,432,16063095,nh_cf-entire-mask
484134,983,432,16058399,nh_cf-entire-mask
484135,984,432,16053700,nh_cf-entire-mask
484136,985,432,16048998,nh_cf-entire-mask
484137,986,432,16044292,nh_cf-entire-mask
484138,987,432,16039582,nh_cf-entire-mask
484139,988,432,16034869,nh_cf-entire-mask
484140,989,432,16030153,nh_cf-entire-mask
484141,990,432,16025433,nh_cf-entire-mask
484142,991,432,16020710,nh_cf-entire-mask
484143,992,432,16015984,nh_cf-entire-mask
484144,993,432,16011254,nh_cf-entire-mask
484145,994,432,16006521,nh_cf-entire-mask
484146,995,432,16001785,nh_cf-entire-mask
484147,996,432,15997045,nh_cf-entire-mask
484148,997,432,15992302,nh_cf-entire-mask
484149,998,432,15987556,nh_cf-entire-mask
484150,999,432,15982806,nh_cf-entire-mask
484151,1000,432,15978054,nh_cf-entire-mask
484152,1001,432,15973298,nh_cf-entire-mask
484153,1002,432,15968538,nh_cf-entire-mask
484154,1003,432,15963776,nh_cf-entire-mask
484155,1004,432,14754326,nh_cf-entire-mask
484156,1005,432,4005060,nh_cf-entire-mask
485222,950,433,489906,nh_cf-entire-mask
485223,951,433,10242302,nh_cf-entire-mask
485224,952,433,9430552,nh_cf-entire-mask
485225,953,433,2053002,nh_cf-entire-mask
485226,954,433,1320244,nh_cf-entire-mask
485227,955,433,3481508,nh_cf-entire-mask
485228,956,433,11664855,nh_cf-entire-mask
485229,957,433,12772383,nh_cf-entire-mask
485230,958,433,13498030,nh_cf-entire-mask
485231,959,433,2678613,nh_cf-entire-mask
485232,960,433,9717559,nh_cf-entire-mask
485233,961,433,16170496,nh_cf-entire-mask
485234,962,433,16165869,nh_cf-entire-mask
485235,963,433,16161237,nh_cf-entire-mask
485236,964,433,16156602,nh_cf-entire-mask
485237,965,433,16151963,nh_cf-entire-mask
485238,966,433,16147320,nh_cf-entire-mask
485239,967,433,16142673,nh_cf-entire-mask
485240,968,433,16138023,nh_cf-entire-mask
485241,969,433,16133368,nh_cf-entire-mask
485242,970,433,16128711,nh_cf-entire-mask
485243,971,433,16124049,nh_cf-entire-mask
485244,972,433,16119384,nh_cf-entire-mask
485245,973,433,16114715,nh_cf-entire-mask
485246,974,433,16110042,nh_cf-entire-mask
485247,975,433,16105366,nh_cf-entire-mask
485248,976,433,16100686,nh_cf-entire-mask
485249,977,433,16096003,nh_cf-entire-mask
485250,978,433,16091316,nh_cf-entire-mask
485251,979,433,16086625,nh_cf-entire-mask
485252,980,433,16081931,nh_cf-entire-mask
485253,981,433,16077233,nh_cf-entire-mask
485254,982,433,16072532,nh_cf-entire-mask
485255,983,433,16067827,nh_cf-entire-mask
485256,984,433,16063119,nh_cf-entire-mask
485257,985,433,16058407,nh_cf-entire-mask
485258,986,433,16053692,nh_cf-entire-mask
485259,987,433,16048973,nh_cf-entire-mask
485260,988,433,16044251,nh_cf-entire-mask
485261,989,433,16039526,nh_cf-entire-mask
485262,990,433,16034797,nh_cf-entire-mask
485263,991,433,16030065,nh_cf-entire-mask
485264,992,433,16025329,nh_cf-entire-mask
485265,993,433,16020590,nh_cf-entire-mask
485266,994,433,16015848,nh_cf-entire-mask
485267,995,433,16011102,nh_cf-entire-mask
485268,996,433,16006354,nh_cf-entire-mask
485269,997,433,16001601,nh_cf-entire-mask
485270,998,433,15996846,nh_cf-entire-mask
485271,999,433,15992087,nh_cf-entire-mask
485272,1000,433,15987325,nh_cf-entire-mask
485273,1001,433,15982560,nh_cf-entire-mask
485274,1002,433,15977792,nh_cf-entire-mask
485275,1003,433,15973020,nh_cf-entire-mask
485276,1004,433,15968246,nh_cf-entire-mask
485277,1005,433,7875804,nh_cf-entire-mask
486342,949,434,4440,nh_cf-entire-mask
486343,950,434,9608152,nh_cf-entire-mask
486344,951,434,16226291,nh_cf-entire-mask
486345,952,434,16221694,nh_cf-entire-mask
486346,953,434,16217092,nh_cf-entire-mask
486347,954,434,16208885,nh_cf-entire-mask
486348,955,434,16207877,nh_cf-entire-mask
486349,956,434,16203263,nh_cf-entire-mask
486350,957,434,16198646,nh_cf-entire-mask
486351,958,434,16194025,nh_cf-entire-mask
486352,959,434,16189399,nh_cf-entire-mask
486353,960,434,16184770,nh_cf-entire-mask
486354,961,434,16180137,nh_cf-entire-mask
486355,962,434,16175500,nh_cf-entire-mask
486356,963,434,16170860,nh_cf-entire-mask
486357,964,434,16166215,nh_cf-entire-mask
486358,965,434,16161567,nh_cf-entire-mask
486359,966,434,16156915,nh_cf-entire-mask
486360,967,434,16152259,nh_cf-entire-mask
486361,968,434,16147599,nh_cf-entire-mask
486362,969,434,16142936,nh_cf-entire-mask
486363,970,434,16138269,nh_cf-entire-mask
486364,971,434,16133598,nh_cf-entire-mask
486365,972,434,16128923,nh_cf-entire-mask
486366,973,434,16124245,nh_cf-entire-mask
486367,974,434,16119563,nh_cf-entire-mask
486368,975,434,16114878,nh_cf-entire-mask
486369,976,434,16110189,nh_cf-entire-mask
486370,977,434,16105496,nh_cf-entire-mask
486371,978,434,16100800,nh_cf-entire-mask
486372,979,434,16096100,nh_cf-entire-mask
486373,980,434,16091397,nh_cf-entire-mask
486374,981,434,16086690,nh_cf-entire-mask
486375,982,434,16081979,nh_cf-entire-mask
486376,983,434,16077265,nh_cf-entire-mask
486377,984,434,16072548,nh_cf-entire-mask
486378,985,434,16067827,nh_cf-entire-mask
486379,986,434,16063103,nh_cf-entire-mask
486380,987,434,16058375,nh_cf-entire-mask
486381,988,434,16053644,nh_cf-entire-mask
486382,989,434,16048909,nh_cf-entire-mask
486383,990,434,16044171,nh_cf-entire-mask
486384,991,434,16039430,nh_cf-entire-mask
486385,992,434,16034685,nh_cf-entire-mask
486386,993,434,16029937,nh_cf-entire-mask
486387,994,434,16025185,nh_cf-entire-mask
486388,995,434,16020430,nh_cf-entire-mask
486389,996,434,16015672,nh_cf-entire-mask
486390,997,434,16010911,nh_cf-entire-mask
486391,998,434,16006146,nh_cf-entire-mask
486392,999,434,16001378,nh_cf-entire-mask
486393,1000,434,15996607,nh_cf-entire-mask
486394,1001,434,15991833,nh_cf-entire-mask
486395,1002,434,15987055,nh_cf-entire-mask
486396,1003,434,15982274,nh_cf-entire-mask
486397,1004,434,15977491,nh_cf-entire-mask
486398,1005,434,14660987,nh_cf-entire-mask
486399,1006,434,603426,nh_cf-entire-mask
487463,949,435,3276120,nh_cf-entire-mask
487464,950,435,16240638,nh_cf-entire-mask
487465,951,435,16236035,nh_cf-entire-mask
487466,952,435,16231428,nh_cf-entire-mask
487467,953,435,16226817,nh_cf-entire-mask
487468,954,435,16222203,nh_cf-entire-mask
487469,955,435,16217584,nh_cf-entire-mask
487470,956,435,16212961,nh_cf-entire-mask
487471,957,435,16208334,nh_cf-entire-mask
487472,958,435,16203704,nh_cf-entire-mask
487473,959,435,16199069,nh_cf-entire-mask
487474,960,435,16194431,nh_cf-entire-mask
487475,961,435,16189789,nh_cf-entire-mask
487476,962,435,16185143,nh_cf-entire-mask
487477,963,435,16180493,nh_cf-entire-mask
487478,964,435,16175839,nh_cf-entire-mask
487479,965,435,16171181,nh_cf-entire-mask
487480,966,435,16166520,nh_cf-entire-mask
487481,967,435,16161855,nh_cf-entire-mask
487482,968,435,16157186,nh_cf-entire-mask
487483,969,435,16152514,nh_cf-entire-mask
487484,970,435,16147837,nh_cf-entire-mask
487485,971,435,16143157,nh_cf-entire-mask
487486,972,435,16138474,nh_cf-entire-mask
487487,973,435,16133786,nh_cf-entire-mask
487488,974,435,16129095,nh_cf-entire-mask
487489,975,435,16124400,nh_cf-entire-mask
487490,976,435,16119702,nh_cf-entire-mask
487491,977,435,16115000,nh_cf-entire-mask
487492,978,435,16110295,nh_cf-entire-mask
487493,979,435,16105586,nh_cf-entire-mask
487494,980,435,16100873,nh_cf-entire-mask
487495,981,435,16096157,nh_cf-entire-mask
487496,982,435,16091437,nh_cf-entire-mask
487497,983,435,16086714,nh_cf-entire-mask
487498,984,435,16081988,nh_cf-entire-mask
487499,985,435,16077257,nh_cf-entire-mask
487500,986,435,16072524,nh_cf-entire-mask
487501,987,435,16067787,nh_cf-entire-mask
487502,988,435,16063046,nh_cf-entire-mask
487503,989,435,16058302,nh_cf-entire-mask
487504,990,435,16053555,nh_cf-entire-mask
487505,991,435,16048804,nh_cf-entire-mask
487506,992,435,16044050,nh_cf-entire-mask
487507,993,435,16039293,nh_cf-entire-mask
487508,994,435,16034532,nh_cf-entire-mask
487509,995,435,16029768,nh_cf-entire-mask
487510,996,435,16025001,nh_cf-entire-mask
487511,997,435,16020230,nh_cf-entire-mask
487512,998,435,16015456,nh_cf-entire-mask
487513,999,435,16010679,nh_cf-entire-mask
487514,1000,435,16005899,nh_cf-entire-mask
487515,1001,435,16001115,nh_cf-entire-mask
487516,1002,435,15996329,nh_cf-entire-mask
487517,1003,435,15991539,nh_cf-entire-mask
487518,1004,435,15986745,nh_cf-entire-mask
487519,1005,435,15981949,nh_cf-entire-mask
487520,1006,435,5927024,nh_cf-entire-mask
488584,949,436,10648163,nh_cf-entire-mask
488585,950,436,16250402,nh_cf-entire-mask
488586,951,436,16245790,nh_cf-entire-mask
488587,952,436,16241174,nh_cf-entire-mask
488588,953,436,16236554,nh_cf-entire-mask
488589,954,436,16231930,nh_cf-entire-mask
488590,955,436,16227302,nh_cf-entire-mask
488591,956,436,16222670,nh_cf-entire-mask
488592,957,436,16218034,nh_cf-entire-mask
488593,958,436,16213394,nh_cf-entire-mask
488594,959,436,16208750,nh_cf-entire-mask
488595,960,436,16204103,nh_cf-entire-mask
488596,961,436,16199451,nh_cf-entire-mask
488597,962,436,16194796,nh_cf-entire-mask
488598,963,436,16190137,nh_cf-entire-mask
488599,964,436,16185474,nh_cf-entire-mask
488600,965,436,16180807,nh_cf-entire-mask
488601,966,436,16176136,nh_cf-entire-mask
488602,967,436,16171462,nh_cf-entire-mask
488603,968,436,16166784,nh_cf-entire-mask
488604,969,436,16162102,nh_cf-entire-mask
488605,970,436,16157417,nh_cf-entire-mask
488606,971,436,16152727,nh_cf-entire-mask
488607,972,436,16148034,nh_cf-entire-mask
488608,973,436,16143338,nh_cf-entire-mask
488609,974,436,16138638,nh_cf-entire-mask
488610,975,436,16133934,nh_cf-entire-mask
488611,976,436,16129226,nh_cf-entire-mask
488612,977,436,16124515,nh_cf-entire-mask
488613,978,436,16119800,nh_cf-entire-mask
488614,979,436,16115082,nh_cf-entire-mask
488615,980,436,16110360,nh_cf-entire-mask
488616,981,436,16105635,nh_cf-entire-mask
488617,982,436,16100906,nh_cf-entire-mask
488618,983,436,16096173,nh_cf-entire-mask
488619,984,436,16091437,nh_cf-entire-mask
488620,985,436,16086698,nh_cf-entire-mask
488621,986,436,16081955,nh_cf-entire-mask
488622,987,436,16077209,nh_cf-entire-mask
488623,988,436,16072459,nh_cf-entire-mask
488624,989,436,16067706,nh_cf-entire-mask
488625,990,436,16062949,nh_cf-entire-mask
488626,991,436,16058189,nh_cf-entire-mask
488627,992,436,16053426,nh_cf-entire-mask
488628,993,436,16048660,nh_cf-entire-mask
488629,994,436,16043890,nh_cf-entire-mask
488630,995,436,16039116,nh_cf-entire-mask
488631,996,436,16034340,nh_cf-entire-mask
488632,997,436,16029560,nh_cf-entire-mask
488633,998,436,16024777,nh_cf-entire-mask
488634,999,436,16019990,nh_cf-entire-mask
488635,1000,436,16015201,nh_cf-entire-mask
488636,1001,436,16010408,nh_cf-entire-mask
488637,1002,436,16005612,nh_cf-entire-mask
488638,1003,436,16000813,nh_cf-entire-mask
488639,1004,436,15996010,nh_cf-entire-mask
488640,1005,436,15991205,nh_cf-entire-mask
488641,1006,436,14316667,nh_cf-entire-mask
488642,1007,436,78379,nh_cf-entire-mask
489704,948,437,434442,nh_cf-entire-mask
489705,949,437,14824386,nh_cf-entire-mask
489706,950,437,16260177,nh_cf-entire-mask
489707,951,437,16255556,nh_cf-entire-mask
489708,952,437,16250930,nh_cf-entire-mask
489709,953,437,16246301,nh_cf-entire-mask
489710,954,437,16241668,nh_cf-entire-mask
489711,955,437,16237030,nh_cf-entire-mask
489712,956,437,16232389,nh_cf-entire-mask
489713,957,437,16227744,nh_cf-entire-mask
489714,958,437,16223095,nh_cf-entire-mask
489715,959,437,16218442,nh_cf-entire-mask
489716,960,437,16213785,nh_cf-entire-mask
489717,961,437,16209125,nh_cf-entire-mask
489718,962,437,16204460,nh_cf-entire-mask
489719,963,437,16199792,nh_cf-entire-mask
489720,964,437,16195119,nh_cf-entire-mask
489721,965,437,16190443,nh_cf-entire-mask
489722,966,437,16185763,nh_cf-entire-mask
489723,967,437,16181080,nh_cf-entire-mask
489724,968,437,16176393,nh_cf-entire-mask
489725,969,437,16171701,nh_cf-entire-mask
489726,970,437,16167007,nh_cf-entire-mask
489727,971,437,16162308,nh_cf-entire-mask
489728,972,437,16157606,nh_cf-entire-mask
489729,973,437,16152900,nh_cf-entire-mask
489730,974,437,16148190,nh_cf-entire-mask
489731,975,437,16143477,nh_cf-entire-mask
489732,976,437,16138760,nh_cf-entire-mask
489733,977,437,16134040,nh_cf-entire-mask
489734,978,437,16129316,nh_cf-entire-mask
489735,979,437,16124589,nh_cf-entire-mask
489736,980,437,16119857,nh_cf-entire-mask
489737,981,437,16115123,nh_cf-entire-mask
489738,982,437,16110385,nh_cf-entire-mask
489739,983,437,16105643,nh_cf-entire-mask
489740,984,437,16100898,nh_cf-entire-mask
489741,985,437,16096149,nh_cf-entire-mask
489742,986,437,16091397,nh_cf-entire-mask
489743,987,437,16086641,nh_cf-entire-mask
489744,988,437,16081882,nh_cf-entire-mask
489745,989,437,16077120,nh_cf-entire-mask
489746,990,437,16072354,nh_cf-entire-mask
489747,991,437,16067585,nh_cf-entire-mask
489748,992,437,16062812,nh_cf-entire-mask
489749,993,437,16058036,nh_cf-entire-mask
489750,994,437,16053257,nh_cf-entire-mask
489751,995,437,16048474,nh_cf-entire-mask
489752,996,437,16043689,nh_cf-entire-mask
489753,997,437,16038899,nh_cf-entire-mask
489754,998,437,16034107,nh_cf-entire-mask
489755,999,437,16029311,nh_cf-entire-mask
489756,1000,437,16024512,nh_cf-entire-mask
489757,1001,437,16019710,nh_cf-entire-mask
489758,1002,437,16014905,nh_cf-entire-mask
489759,1003,437,16010096,nh_cf-entire-mask
489760,1004,437,16005285,nh_cf-entire-mask
489761,1005,437,16000470,nh_cf-entire-mask
489762,1006,437,12960033,nh_cf-entire-mask
490825,948,438,6214460,nh_cf-entire-mask
490826,949,438,16274590,nh_cf-entire-mask
490827,950,438,16269963,nh_cf-entire-mask
490828,951,438,16265333,nh_cf-entire-mask
490829,952,438,16260698,nh_cf-entire-mask
490830,953,438,16256060,nh_cf-entire-mask
490831,954,438,16251417,nh_cf-entire-mask
490832,955,438,16246770,nh_cf-entire-mask
490833,956,438,16242120,nh_cf-entire-mask
490834,957,438,16237466,nh_cf-entire-mask
490835,958,438,16232807,nh_cf-entire-mask
490836,959,438,16228145,nh_cf-entire-mask
490837,960,438,16223479,nh_cf-entire-mask
490838,961,438,16218809,nh_cf-entire-mask
490839,962,438,16214135,nh_cf-entire-mask
490840,963,438,16209457,nh_cf-entire-mask
490841,964,438,16204776,nh_cf-entire-mask
490842,965,438,16200090,nh_cf-entire-mask
490843,966,438,16195401,nh_cf-entire-mask
490844,967,438,16190708,nh_cf-entire-mask
490845,968,438,16186012,nh_cf-entire-mask
490846,969,438,16181311,nh_cf-entire-mask
490847,970,438,16176607,nh_cf-entire-mask
490848,971,438,16171900,nh_cf-entire-mask
490849,972,438,16167188,nh_cf-entire-mask
490850,973,438,16162473,nh_cf-entire-mask
490851,974,438,16157754,nh_cf-entire-mask
490852,975,438,16153032,nh_cf-entire-mask
490853,976,438,16148305,nh_cf-entire-mask
490854,977,438,16143576,nh_cf-entire-mask
490855,978,438,16138842,nh_cf-entire-mask
490856,979,438,16134106,nh_cf-entire-mask
490857,980,438,16129365,nh_cf-entire-mask
490858,981,438,16124621,nh_cf-entire-mask
490859,982,438,16119874,nh_cf-entire-mask
490860,983,438,16115123,nh_cf-entire-mask
490861,984,438,16110368,nh_cf-entire-mask
490862,985,438,16105610,nh_cf-entire-mask
490863,986,438,16100849,nh_cf-entire-mask
490864,987,438,16096084,nh_cf-entire-mask
490865,988,438,16091316,nh_cf-entire-mask
490866,989,438,16086544,nh_cf-entire-mask
490867,990,438,16081769,nh_cf-entire-mask
490868,991,438,16076990,nh_cf-entire-mask
490869,992,438,16072208,nh_cf-entire-mask
490870,993,438,16067423,nh_cf-entire-mask
490871,994,438,16062635,nh_cf-entire-mask
490872,995,438,16057843,nh_cf-entire-mask
490873,996,438,16053048,nh_cf-entire-mask
490874,997,438,16048249,nh_cf-entire-mask
490875,998,438,16043447,nh_cf-entire-mask
490876,999,438,16038642,nh_cf-entire-mask
490877,1000,438,16033834,nh_cf-entire-mask
490878,1001,438,16029023,nh_cf-entire-mask
490879,1002,438,16024208,nh_cf-entire-mask
490880,1003,438,16019390,nh_cf-entire-mask
490881,1004,438,16014569,nh_cf-entire-mask
490882,1005,438,16009745,nh_cf-entire-mask
490883,1006,438,9790082,nh_cf-entire-mask
491945,947,439,716794,nh_cf-entire-mask
491946,948,439,14158283,nh_cf-entire-mask
491947,949,439,16284396,nh_cf-entire-mask
491948,950,439,16279761,nh_cf-entire-mask
491949,951,439,16275121,nh_cf-entire-mask
491950,952,439,16270477,nh_cf-entire-mask
491951,953,439,16265829,nh_cf-entire-mask
491952,954,439,16261177,nh_cf-entire-mask
491953,955,439,16256521,nh_cf-entire-mask
491954,956,439,16251862,nh_cf-entire-mask
491955,957,439,16247198,nh_cf-entire-mask
491956,958,439,16242530,nh_cf-entire-mask
491957,959,439,16237859,nh_cf-entire-mask
491958,960,439,16233183,nh_cf-entire-mask
491959,961,439,16228504,nh_cf-entire-mask
491960,962,439,16223821,nh_cf-entire-mask
491961,963,439,16219134,nh_cf-entire-mask
491962,964,439,16214443,nh_cf-entire-mask
491963,965,439,16209749,nh_cf-entire-mask
491964,966,439,16205050,nh_cf-entire-mask
491965,967,439,16200348,nh_cf-entire-mask
491966,968,439,16195642,nh_cf-entire-mask
491967,969,439,16190932,nh_cf-entire-mask
491968,970,439,16186219,nh_cf-entire-mask
491969,971,439,16181502,nh_cf-entire-mask
491970,972,439,16176781,nh_cf-entire-mask
491971,973,439,16172056,nh_cf-entire-mask
491972,974,439,16167328,nh_cf-entire-mask
491973,975,439,16162596,nh_cf-entire-mask
491974,976,439,16157861,nh_cf-entire-mask
491975,977,439,16153122,nh_cf-entire-mask
491976,978,439,16148379,nh_cf-entire-mask
491977,979,439,16143633,nh_cf-entire-mask
491978,980,439,16138883,nh_cf-entire-mask
491979,981,439,16134130,nh_cf-entire-mask
491980,982,439,16129373,nh_cf-entire-mask
491981,983,439,16124613,nh_cf-entire-mask
491982,984,439,16119849,nh_cf-entire-mask
491983,985,439,16115082,nh_cf-entire-mask
491984,986,439,16110311,nh_cf-entire-mask
491985,987,439,16105537,nh_cf-entire-mask
491986,988,439,16100759,nh_cf-entire-mask
491987,989,439,16095978,nh_cf-entire-mask
491988,990,439,16091194,nh_cf-entire-mask
491989,991,439,16086406,nh_cf-entire-mask
491990,992,439,16081615,nh_cf-entire-mask
491991,993,439,16076820,nh_cf-entire-mask
491992,994,439,16072022,nh_cf-entire-mask
491993,995,439,16067221,nh_cf-entire-mask
491994,996,439,16062417,nh_cf-entire-mask
491995,997,439,16057609,nh_cf-entire-mask
491996,998,439,16052798,nh_cf-entire-mask
491997,999,439,16047984,nh_cf-entire-mask
491998,1000,439,16043166,nh_cf-entire-mask
491999,1001,439,16038345,nh_cf-entire-mask
492000,1002,439,15864985,nh_cf-entire-mask
492001,1003,439,15872082,nh_cf-entire-mask
492002,1004,439,15660882,nh_cf-entire-mask
492003,1005,439,12714926,nh_cf-entire-mask
492004,1006,439,4008740,nh_cf-entire-mask
493065,946,440,6138512,nh_cf-entire-mask
493066,947,440,15581161,nh_cf-entire-mask
493067,948,440,16298855,nh_cf-entire-mask
493068,949,440,16294214,nh_cf-entire-mask
493069,950,440,16289569,nh_cf-entire-mask
493070,951,440,16284920,nh_cf-entire-mask
493071,952,440,16280267,nh_cf-entire-mask
493072,953,440,16275610,nh_cf-entire-mask
493073,954,440,16270949,nh_cf-entire-mask
493074,955,440,16266284,nh_cf-entire-mask
493075,956,440,16261615,nh_cf-entire-mask
493076,957,440,16256941,nh_cf-entire-mask
493077,958,440,16252265,nh_cf-entire-mask
493078,959,440,16247584,nh_cf-entire-mask
493079,960,440,16242899,nh_cf-entire-mask
493080,961,440,16238210,nh_cf-entire-mask
493081,962,440,16233518,nh_cf-entire-mask
493082,963,440,16228822,nh_cf-entire-mask
493083,964,440,16224121,nh_cf-entire-mask
493084,965,440,16219417,nh_cf-entire-mask
493085,966,440,16214710,nh_cf-entire-mask
493086,967,440,16209998,nh_cf-entire-mask
493087,968,440,16205283,nh_cf-entire-mask
493088,969,440,16200564,nh_cf-entire-mask
493089,970,440,16195841,nh_cf-entire-mask
493090,971,440,16191115,nh_cf-entire-mask
493091,972,440,16186384,nh_cf-entire-mask
493092,973,440,16181651,nh_cf-entire-mask
493093,974,440,16176913,nh_cf-entire-mask
493094,975,440,16172172,nh_cf-entire-mask
493095,976,440,16167427,nh_cf-entire-mask
493096,977,440,16162679,nh_cf-entire-mask
493097,978,440,16157927,nh_cf-entire-mask
493098,979,440,16153171,nh_cf-entire-mask
493099,980,440,16148412,nh_cf-entire-mask
493100,981,440,16143650,nh_cf-entire-mask
493101,982,440,16138883,nh_cf-entire-mask
493102,983,440,16134114,nh_cf-entire-mask
493103,984,440,16129341,nh_cf-entire-mask
493104,985,440,16124564,nh_cf-entire-mask
493105,986,440,16119784,nh_cf-entire-mask
493106,987,440,16115000,nh_cf-entire-mask
493107,988,440,16110213,nh_cf-entire-mask
493108,989,440,16105423,nh_cf-entire-mask
493109,990,440,16100629,nh_cf-entire-mask
493110,991,440,16095832,nh_cf-entire-mask
493111,992,440,16091031,nh_cf-entire-mask
493112,993,440,16086228,nh_cf-entire-mask
493113,994,440,16081420,nh_cf-entire-mask
493114,995,440,16076610,nh_cf-entire-mask
493115,996,440,16071796,nh_cf-entire-mask
493116,997,440,16066979,nh_cf-entire-mask
493117,998,440,16062158,nh_cf-entire-mask
493118,999,440,16057335,nh_cf-entire-mask
493119,1000,440,16052508,nh_cf-entire-mask
493120,1001,440,15351923,nh_cf-entire-mask
493121,1002,440,1195809,nh_cf-entire-mask
493122,1003,440,1381542,nh_cf-entire-mask
493123,1004,440,2809625,nh_cf-entire-mask
493124,1005,440,1324313,nh_cf-entire-mask
494185,945,441,234516,nh_cf-entire-mask
494186,946,441,15060086,nh_cf-entire-mask
494187,947,441,16313340,nh_cf-entire-mask
494188,948,441,16308694,nh_cf-entire-mask
494189,949,441,16304044,nh_cf-entire-mask
494190,950,441,16299389,nh_cf-entire-mask
494191,951,441,16294731,nh_cf-entire-mask
494192,952,441,16290068,nh_cf-entire-mask
494193,953,441,16285402,nh_cf-entire-mask
494194,954,441,16280731,nh_cf-entire-mask
494195,955,441,16276057,nh_cf-entire-mask
494196,956,441,16271378,nh_cf-entire-mask
494197,957,441,16266696,nh_cf-entire-mask
494198,958,441,16262010,nh_cf-entire-mask
494199,959,441,16257320,nh_cf-entire-mask
494200,960,441,16252625,nh_cf-entire-mask
494201,961,441,16247927,nh_cf-entire-mask
494202,962,441,16243226,nh_cf-entire-mask
494203,963,441,16238520,nh_cf-entire-mask
494204,964,441,16233810,nh_cf-entire-mask
494205,965,441,16229097,nh_cf-entire-mask
494206,966,441,16224380,nh_cf-entire-mask
494207,967,441,16219659,nh_cf-entire-mask
494208,968,441,16214935,nh_cf-entire-mask
494209,969,441,16210206,nh_cf-entire-mask
494210,970,441,16205474,nh_cf-entire-mask
494211,971,441,16200738,nh_cf-entire-mask
494212,972,441,16195999,nh_cf-entire-mask
494213,973,441,16191255,nh_cf-entire-mask
494214,974,441,16186509,nh_cf-entire-mask
494215,975,441,16181758,nh_cf-entire-mask
494216,976,441,16177004,nh_cf-entire-mask
494217,977,441,16172246,nh_cf-entire-mask
494218,978,441,16167485,nh_cf-entire-mask
494219,979,441,16162720,nh_cf-entire-mask
494220,980,441,16157952,nh_cf-entire-mask
494221,981,441,16153180,nh_cf-entire-mask
494222,982,441,16148404,nh_cf-entire-mask
494223,983,441,16143625,nh_cf-entire-mask
494224,984,441,16138842,nh_cf-entire-mask
494225,985,441,16134056,nh_cf-entire-mask
494226,986,441,16129267,nh_cf-entire-mask
494227,987,441,16124474,nh_cf-entire-mask
494228,988,441,16119678,nh_cf-entire-mask
494229,989,441,16114878,nh_cf-entire-mask
494230,990,441,16110075,nh_cf-entire-mask
494231,991,441,16105268,nh_cf-entire-mask
494232,992,441,16100458,nh_cf-entire-mask
494233,993,441,16095645,nh_cf-entire-mask
494234,994,441,16090828,nh_cf-entire-mask
494235,995,441,16086009,nh_cf-entire-mask
494236,996,441,16081185,nh_cf-entire-mask
494237,997,441,16076359,nh_cf-entire-mask
494238,998,441,16071529,nh_cf-entire-mask
494239,999,441,16066696,nh_cf-entire-mask
494240,1000,441,16061860,nh_cf-entire-mask
494241,1001,441,14381360,nh_cf-entire-mask
494242,1002,441,1790620,nh_cf-entire-mask
495306,945,442,5460871,nh_cf-entire-mask
495307,946,442,16324428,nh_cf-entire-mask
495308,947,442,16323199,nh_cf-entire-mask
495309,948,442,16318544,nh_cf-entire-mask
495310,949,442,16313884,nh_cf-entire-mask
495311,950,442,16309220,nh_cf-entire-mask
495312,951,442,16304552,nh_cf-entire-mask
495313,952,442,16299881,nh_cf-entire-mask
495314,953,442,16295205,nh_cf-entire-mask
495315,954,442,16290525,nh_cf-entire-mask
495316,955,442,16285841,nh_cf-entire-mask
495317,956,442,16281153,nh_cf-entire-mask
495318,957,442,16276462,nh_cf-entire-mask
495319,958,442,16271766,nh_cf-entire-mask
495320,959,442,16267066,nh_cf-entire-mask
495321,960,442,16262363,nh_cf-entire-mask
495322,961,442,16257656,nh_cf-entire-mask
495323,962,442,16252944,nh_cf-entire-mask
495324,963,442,16248229,nh_cf-entire-mask
495325,964,442,16243510,nh_cf-entire-mask
495326,965,442,16238788,nh_cf-entire-mask
495327,966,442,16234061,nh_cf-entire-mask
495328,967,442,16229331,nh_cf-entire-mask
495329,968,442,16224597,nh_cf-entire-mask
495330,969,442,16219859,nh_cf-entire-mask
495331,970,442,16215118,nh_cf-entire-mask
495332,971,442,16210373,nh_cf-entire-mask
495333,972,442,16205624,nh_cf-entire-mask
495334,973,442,16200871,nh_cf-entire-mask
495335,974,442,16196115,nh_cf-entire-mask
495336,975,442,16191355,nh_cf-entire-mask
495337,976,442,16186591,nh_cf-entire-mask
495338,977,442,16181824,nh_cf-entire-mask
495339,978,442,16177054,nh_cf-entire-mask
495340,979,442,16172279,nh_cf-entire-mask
495341,980,442,16167501,nh_cf-entire-mask
495342,981,442,16162720,nh_cf-entire-mask
495343,982,442,16157935,nh_cf-entire-mask
495344,983,442,16153147,nh_cf-entire-mask
495345,984,442,16148355,nh_cf-entire-mask
495346,985,442,16143559,nh_cf-entire-mask
495347,986,442,16138760,nh_cf-entire-mask
495348,987,442,16133958,nh_cf-entire-mask
495349,988,442,16129152,nh_cf-entire-mask
495350,989,442,16124343,nh_cf-entire-mask
495351,990,442,16119531,nh_cf-entire-mask
495352,991,442,16114715,nh_cf-entire-mask
495353,992,442,16109895,nh_cf-entire-mask
495354,993,442,16105073,nh_cf-entire-mask
495355,994,442,16100247,nh_cf-entire-mask
495356,995,442,16095418,nh_cf-entire-mask
495357,996,442,16090585,nh_cf-entire-mask
495358,997,442,16085749,nh_cf-entire-mask
495359,998,442,16080910,nh_cf-entire-mask
495360,999,442,16076067,nh_cf-entire-mask
495361,1000,442,15501172,nh_cf-entire-mask
495362,1001,442,697953,nh_cf-entire-mask
496426,944,443,2399,nh_cf-entire-mask
496427,945,443,14135042,nh_cf-entire-mask
496428,946,443,16337731,nh_cf-entire-mask
496429,947,443,16333070,nh_cf-entire-mask
496430,948,443,16328405,nh_cf-entire-mask
496431,949,443,16323736,nh_cf-entire-mask
496432,950,443,16319063,nh_cf-entire-mask
496433,951,443,16314386,nh_cf-entire-mask
496434,952,443,16309704,nh_cf-entire-mask
496435,953,443,16305019,nh_cf-entire-mask
496436,954,443,16300330,nh_cf-entire-mask
496437,955,443,16295637,nh_cf-entire-mask
496438,956,443,16290939,nh_cf-entire-mask
496439,957,443,16286238,nh_cf-entire-mask
496440,958,443,16281533,nh_cf-entire-mask
496441,959,443,16276824,nh_cf-entire-mask
496442,960,443,16272111,nh_cf-entire-mask
496443,961,443,16267395,nh_cf-entire-mask
496444,962,443,16262674,nh_cf-entire-mask
496445,963,443,16257950,nh_cf-entire-mask
496446,964,443,16253221,nh_cf-entire-mask
496447,965,443,16248489,nh_cf-entire-mask
496448,966,443,16243753,nh_cf-entire-mask
496449,967,443,16239014,nh_cf-entire-mask
496450,968,443,16234270,nh_cf-entire-mask
496451,969,443,16229523,nh_cf-entire-mask
496452,970,443,16224772,nh_cf-entire-mask
496453,971,443,16220018,nh_cf-entire-mask
496454,972,443,16215259,nh_cf-entire-mask
496455,973,443,16210497,nh_cf-entire-mask
496456,974,443,16205732,nh_cf-entire-mask
496457,975,443,16200962,nh_cf-entire-mask
496458,976,443,16196190,nh_cf-entire-mask
496459,977,443,16191413,nh_cf-entire-mask
496460,978,443,16186633,nh_cf-entire-mask
496461,979,443,16181849,nh_cf-entire-mask
496462,980,443,16177062,nh_cf-entire-mask
496463,981,443,16172271,nh_cf-entire-mask
496464,982,443,16167477,nh_cf-entire-mask
496465,983,443,16162679,nh_cf-entire-mask
496466,984,443,16157878,nh_cf-entire-mask
496467,985,443,16153073,nh_cf-entire-mask
496468,986,443,16148264,nh_cf-entire-mask
496469,987,443,16143453,nh_cf-entire-mask
496470,988,443,16138638,nh_cf-entire-mask
496471,989,443,16133819,nh_cf-entire-mask
496472,990,443,16128997,nh_cf-entire-mask
496473,991,443,16124172,nh_cf-entire-mask
496474,992,443,16119343,nh_cf-entire-mask
496475,993,443,16114511,nh_cf-entire-mask
496476,994,443,16109675,nh_cf-entire-mask
496477,995,443,16104837,nh_cf-entire-mask
496478,996,443,16099995,nh_cf-entire-mask
496479,997,443,16095149,nh_cf-entire-mask
496480,998,443,16090301,nh_cf-entire-mask
496481,999,443,16085449,nh_cf-entire-mask
496482,1000,443,14096451,nh_cf-entire-mask
496483,1001,443,174312,nh_cf-entire-mask
497547,944,444,3452611,nh_cf-entire-mask
497548,945,444,16352288,nh_cf-entire-mask
497549,946,444,16347622,nh_cf-entire-mask
497550,947,444,16342952,nh_cf-entire-mask
497551,948,444,16338277,nh_cf-entire-mask
497552,949,444,16333599,nh_cf-entire-mask
497553,950,444,16328916,nh_cf-entire-mask
497554,951,444,16324230,nh_cf-entire-mask
497555,952,444,16319539,nh_cf-entire-mask
497556,953,444,16314845,nh_cf-entire-mask
497557,954,444,16310146,nh_cf-entire-mask
497558,955,444,16305443,nh_cf-entire-mask
497559,956,444,16300737,nh_cf-entire-mask
497560,957,444,16296026,nh_cf-entire-mask
497561,958,444,16291312,nh_cf-entire-mask
497562,959,444,16286593,nh_cf-entire-mask
497563,960,444,16281871,nh_cf-entire-mask
497564,961,444,16277145,nh_cf-entire-mask
497565,962,444,16272415,nh_cf-entire-mask
497566,963,444,16267681,nh_cf-entire-mask
497567,964,444,16262943,nh_cf-entire-mask
497568,965,444,16258202,nh_cf-entire-mask
497569,966,444,16253456,nh_cf-entire-mask
497570,967,444,16248707,nh_cf-entire-mask
497571,968,444,16243955,nh_cf-entire-mask
497572,969,444,16239198,nh_cf-entire-mask
497573,970,444,16234438,nh_cf-entire-mask
497574,971,444,16229674,nh_cf-entire-mask
497575,972,444,16224906,nh_cf-entire-mask
497576,973,444,16220134,nh_cf-entire-mask
497577,974,444,16215359,nh_cf-entire-mask
497578,975,444,16210581,nh_cf-entire-mask
497579,976,444,15676852,nh_cf-entire-mask
497580,977,444,10619512,nh_cf-entire-mask
497581,978,444,11907832,nh_cf-entire-mask
497582,979,444,16078489,nh_cf-entire-mask
497583,980,444,16186633,nh_cf-entire-mask
497584,981,444,16181833,nh_cf-entire-mask
497585,982,444,16177029,nh_cf-entire-mask
497586,983,444,16172222,nh_cf-entire-mask
497587,984,444,16167411,nh_cf-entire-mask
497588,985,444,16162596,nh_cf-entire-mask
497589,986,444,16157779,nh_cf-entire-mask
497590,987,444,16152958,nh_cf-entire-mask
497591,988,444,16148133,nh_cf-entire-mask
497592,989,444,16143305,nh_cf-entire-mask
497593,990,444,16138474,nh_cf-entire-mask
497594,991,444,16133639,nh_cf-entire-mask
497595,992,444,16128801,nh_cf-entire-mask
497596,993,444,16123959,nh_cf-entire-mask
497597,994,444,16119114,nh_cf-entire-mask
497598,995,444,16114266,nh_cf-entire-mask
497599,996,444,16109415,nh_cf-entire-mask
497600,997,444,16104560,nh_cf-entire-mask
497601,998,444,15778448,nh_cf-entire-mask
497602,999,444,6434388,nh_cf-entire-mask
497603,1000,444,754381,nh_cf-entire-mask
498663,939,445,183456,nh_cf-entire-mask
498664,940,445,3417069,nh_cf-entire-mask
498665,941,445,1149894,nh_cf-entire-mask
498666,942,445,10107267,nh_cf-entire-mask
498667,943,445,13278233,nh_cf-entire-mask
498668,944,445,16078521,nh_cf-entire-mask
498669,945,445,16362200,nh_cf-entire-mask
498670,946,445,16357525,nh_cf-entire-mask
498671,947,445,16352845,nh_cf-entire-mask
498672,948,445,16348161,nh_cf-entire-mask
498673,949,445,16343473,nh_cf-entire-mask
498674,950,445,16338781,nh_cf-entire-mask
498675,951,445,16334085,nh_cf-entire-mask
498676,952,445,16329385,nh_cf-entire-mask
498677,953,445,16324681,nh_cf-entire-mask
498678,954,445,16319973,nh_cf-entire-mask
498679,955,445,16315261,nh_cf-entire-mask
498680,956,445,16310545,nh_cf-entire-mask
498681,957,445,16305825,nh_cf-entire-mask
498682,958,445,16301101,nh_cf-entire-mask
498683,959,445,16296373,nh_cf-entire-mask
498684,960,445,16291642,nh_cf-entire-mask
498685,961,445,16286906,nh_cf-entire-mask
498686,962,445,16282167,nh_cf-entire-mask
498687,963,445,16277423,nh_cf-entire-mask
498688,964,445,16272676,nh_cf-entire-mask
498689,965,445,16267925,nh_cf-entire-mask
498690,966,445,16263170,nh_cf-entire-mask
498691,967,445,16258412,nh_cf-entire-mask
498692,968,445,16253650,nh_cf-entire-mask
498693,969,445,16248883,nh_cf-entire-mask
498694,970,445,16244114,nh_cf-entire-mask
498695,971,445,16239340,nh_cf-entire-mask
498696,972,445,16234563,nh_cf-entire-mask
498697,973,445,16229782,nh_cf-entire-mask
498698,974,445,16224998,nh_cf-entire-mask
498699,975,445,16220209,nh_cf-entire-mask
498700,976,445,9847513,nh_cf-entire-mask
498703,979,445,1740676,nh_cf-entire-mask
498704,980,445,15030720,nh_cf-entire-mask
498705,981,445,16191405,nh_cf-entire-mask
498706,982,445,16186591,nh_cf-entire-mask
498707,983,445,16181775,nh_cf-entire-mask
498708,984,445,16176954,nh_cf-entire-mask
498709,985,445,16172131,nh_cf-entire-mask
498710,986,445,16167304,nh_cf-entire-mask
498711,987,445,16162473,nh_cf-entire-mask
498712,988,445,16157639,nh_cf-entire-mask
498713,989,445,16152801,nh_cf-entire-mask
498714,990,445,16147960,nh_cf-entire-mask
498715,991,445,16143116,nh_cf-entire-mask
498716,992,445,16138269,nh_cf-entire-mask
498717,993,445,16133418,nh_cf-entire-mask
498718,994,445,16128563,nh_cf-entire-mask
498719,995,445,16123706,nh_cf-entire-mask
498720,996,445,16015562,nh_cf-entire-mask
498721,997,445,13522484,nh_cf-entire-mask
498722,998,445,4859151,nh_cf-entire-mask
499783,938,446,2359917,nh_cf-entire-mask
499784,939,446,14312011,nh_cf-entire-mask
499785,940,446,16395486,nh_cf-entire-mask
499786,941,446,16269035,nh_cf-entire-mask
499787,942,446,16386154,nh_cf-entire-mask
499788,943,446,16381481,nh_cf-entire-mask
499789,944,446,16376805,nh_cf-entire-mask
499790,945,446,16372124,nh_cf-entire-mask
499791,946,446,16367439,nh_cf-entire-mask
499792,947,446,16362750,nh_cf-entire-mask
499793,948,446,16358056,nh_cf-entire-mask
499794,949,446,16353359,nh_cf-entire-mask
499795,950,446,16348658,nh_cf-entire-mask
499796,951,446,16343952,nh_cf-entire-mask
499797,952,446,16339243,nh_cf-entire-mask
499798,953,446,16334529,nh_cf-entire-mask
499799,954,446,16329812,nh_cf-entire-mask
499800,955,446,16325090,nh_cf-entire-mask
499801,956,446,16320365,nh_cf-entire-mask
499802,957,446,16315635,nh_cf-entire-mask
499803,958,446,16310902,nh_cf-entire-mask
499804,959,446,16306164,nh_cf-entire-mask
499805,960,446,16301423,nh_cf-entire-mask
499806,961,446,16296678,nh_cf-entire-mask
499807,962,446,16291929,nh_cf-entire-mask
499808,963,446,16287177,nh_cf-entire-mask
499809,964,446,16282420,nh_cf-entire-mask
499810,965,446,16277659,nh_cf-entire-mask
499811,966,446,16272895,nh_cf-entire-mask
499812,967,446,16268127,nh_cf-entire-mask
499813,968,446,16263355,nh_cf-entire-mask
499814,969,446,16258580,nh_cf-entire-mask
499815,970,446,16253801,nh_cf-entire-mask
499816,971,446,16249018,nh_cf-entire-mask
499817,972,446,16244231,nh_cf-entire-mask
499818,973,446,16239441,nh_cf-entire-mask
499819,974,446,16179378,nh_cf-entire-mask
499820,975,446,10719147,nh_cf-entire-mask
499821,976,446,9426086,nh_cf-entire-mask
499825,980,446,7529430,nh_cf-entire-mask
499826,981,446,10384493,nh_cf-entire-mask
499827,982,446,4961917,nh_cf-entire-mask
499828,983,446,1939814,nh_cf-entire-mask
499829,984,446,9217640,nh_cf-entire-mask
499830,985,446,11546537,nh_cf-entire-mask
499831,986,446,9729117,nh_cf-entire-mask
499832,987,446,14964338,nh_cf-entire-mask
499833,988,446,16167155,nh_cf-entire-mask
499834,989,446,16162308,nh_cf-entire-mask
499835,990,446,16157458,nh_cf-entire-mask
499836,991,446,16152604,nh_cf-entire-mask
499837,992,446,16147747,nh_cf-entire-mask
499838,993,446,16142886,nh_cf-entire-mask
499839,994,446,16138023,nh_cf-entire-mask
499840,995,446,12366406,nh_cf-entire-mask
499841,996,446,873378,nh_cf-entire-mask
499842,997,446,140120,nh_cf-entire-mask
500903,937,447,385949,nh_cf-entire-mask
500904,938,447,9499242,nh_cf-entire-mask
500905,939,447,16410138,nh_cf-entire-mask
500906,940,447,16405468,nh_cf-entire-mask
500907,941,447,16400795,nh_cf-entire-mask
500908,942,447,16396117,nh_cf-entire-mask
500909,943,447,16391435,nh_cf-entire-mask
500910,944,447,16386749,nh_cf-entire-mask
500911,945,447,16382059,nh_cf-entire-mask
500912,946,447,16377364,nh_cf-entire-mask
500913,947,447,16372666,nh_cf-entire-mask
500914,948,447,16367963,nh_cf-entire-mask
500915,949,447,16363256,nh_cf-entire-mask
500916,950,447,16358545,nh_cf-entire-mask
500917,951,447,16353830,nh_cf-entire-mask
500918,952,447,16349111,nh_cf-entire-mask
500919,953,447,16344388,nh_cf-entire-mask
500920,954,447,16339661,nh_cf-entire-mask
500921,955,447,16334930,nh_cf-entire-mask
500922,956,447,16330195,nh_cf-entire-mask
500923,957,447,16325456,nh_cf-entire-mask
500924,958,447,16320714,nh_cf-entire-mask
500925,959,447,16315967,nh_cf-entire-mask
500926,960,447,16311216,nh_cf-entire-mask
500927,961,447,16306462,nh_cf-entire-mask
500928,962,447,16301703,nh_cf-entire-mask
500929,963,447,16296941,nh_cf-entire-mask
500930,964,447,16292175,nh_cf-entire-mask
500931,965,447,16287405,nh_cf-entire-mask
500932,966,447,16282631,nh_cf-entire-mask
500933,967,447,16277854,nh_cf-entire-mask
500934,968,447,16273072,nh_cf-entire-mask
500935,969,447,16268287,nh_cf-entire-mask
500936,970,447,16263498,nh_cf-entire-mask
500937,971,447,16258706,nh_cf-entire-mask
500938,972,447,16081643,nh_cf-entire-mask
500939,973,447,12928710,nh_cf-entire-mask
500940,974,447,10732173,nh_cf-entire-mask
500941,975,447,2334,nh_cf-entire-mask
500942,976,447,95796,nh_cf-entire-mask
500952,986,447,142486,nh_cf-entire-mask
500953,987,447,14524547,nh_cf-entire-mask
500954,988,447,16176682,nh_cf-entire-mask
500955,989,447,16171825,nh_cf-entire-mask
500956,990,447,16166965,nh_cf-entire-mask
500957,991,447,16162102,nh_cf-entire-mask
500958,992,447,16157236,nh_cf-entire-mask
500959,993,447,16152366,nh_cf-entire-mask
500960,994,447,16074489,nh_cf-entire-mask
500961,995,447,1520479,nh_cf-entire-mask
502023,936,448,1177890,nh_cf-entire-mask
502024,937,448,10724707,nh_cf-entire-mask
502025,938,448,16424816,nh_cf-entire-mask
502026,939,448,16420141,nh_cf-entire-mask
502027,940,448,16415462,nh_cf-entire-mask
502028,941,448,16410779,nh_cf-entire-mask
502029,942,448,16406092,nh_cf-entire-mask
502030,943,448,16401400,nh_cf-entire-mask
502031,944,448,16396705,nh_cf-entire-mask
502032,945,448,16392005,nh_cf-entire-mask
502033,946,448,16387301,nh_cf-entire-mask
502034,947,448,16382593,nh_cf-entire-mask
502035,948,448,16377881,nh_cf-entire-mask
502036,949,448,16373164,nh_cf-entire-mask
502037,950,448,16368444,nh_cf-entire-mask
502038,951,448,16363720,nh_cf-entire-mask
502039,952,448,16358991,nh_cf-entire-mask
502040,953,448,16354259,nh_cf-entire-mask
502041,954,448,16349522,nh_cf-entire-mask
502042,955,448,16344782,nh_cf-entire-mask
502043,956,448,16340037,nh_cf-entire-mask
502044,957,448,16335289,nh_cf-entire-mask
502045,958,448,16330536,nh_cf-entire-mask
502046,959,448,16325780,nh_cf-entire-mask
502047,960,448,16321020,nh_cf-entire-mask
502048,961,448,16316256,nh_cf-entire-mask
502049,962,448,16311488,nh_cf-entire-mask
502050,963,448,16306716,nh_cf-entire-mask
502051,964,448,16301940,nh_cf-entire-mask
502052,965,448,16297161,nh_cf-entire-mask
502053,966,448,16292378,nh_cf-entire-mask
502054,967,448,16287591,nh_cf-entire-mask
502055,968,448,16207627,nh_cf-entire-mask
502056,969,448,13450007,nh_cf-entire-mask
502057,970,448,12863278,nh_cf-entire-mask
502058,971,448,8935217,nh_cf-entire-mask
502059,972,448,1175487,nh_cf-entire-mask
502060,973,448,76498,nh_cf-entire-mask
502061,974,448,81724,nh_cf-entire-mask
502074,987,448,5983542,nh_cf-entire-mask
502075,988,448,15997813,nh_cf-entire-mask
502076,989,448,16181353,nh_cf-entire-mask
502077,990,448,16176483,nh_cf-entire-mask
502078,991,448,16171611,nh_cf-entire-mask
502079,992,448,16166734,nh_cf-entire-mask
502080,993,448,15754250,nh_cf-entire-mask
502081,994,448,8900609,nh_cf-entire-mask
502082,995,448,44416,nh_cf-entire-mask
503144,936,449,9556852,nh_cf-entire-mask
503145,937,449,16439520,nh_cf-entire-mask
503146,938,449,16434840,nh_cf-entire-mask
503147,939,449,16430156,nh_cf-entire-mask
503148,940,449,16425468,nh_cf-entire-mask
503149,941,449,16420775,nh_cf-entire-mask
503150,942,449,16416078,nh_cf-entire-mask
503151,943,449,16411377,nh_cf-entire-mask
503152,944,449,16406672,nh_cf-entire-mask
503153,945,449,16401963,nh_cf-entire-mask
503154,946,449,16397249,nh_cf-entire-mask
503155,947,449,16392532,nh_cf-entire-mask
503156,948,449,16387810,nh_cf-entire-mask
503157,949,449,16383084,nh_cf-entire-mask
503158,950,449,16378354,nh_cf-entire-mask
503159,951,449,16373620,nh_cf-entire-mask
503160,952,449,16368882,nh_cf-entire-mask
503161,953,449,16364140,nh_cf-entire-mask
503162,954,449,16359394,nh_cf-entire-mask
503163,955,449,16354644,nh_cf-entire-mask
503164,956,449,16349890,nh_cf-entire-mask
503165,957,449,16345132,nh_cf-entire-mask
503166,958,449,16340370,nh_cf-entire-mask
503167,959,449,16335605,nh_cf-entire-mask
503168,960,449,16330835,nh_cf-entire-mask
503169,961,449,16326061,nh_cf-entire-mask
503170,962,449,16321284,nh_cf-entire-mask
503171,963,449,16316502,nh_cf-entire-mask
503172,964,449,16311717,nh_cf-entire-mask
503173,965,449,16306928,nh_cf-entire-mask
503174,966,449,11724414,nh_cf-entire-mask
503175,967,449,12448888,nh_cf-entire-mask
503176,968,449,7246964,nh_cf-entire-mask
503195,987,449,39942,nh_cf-entire-mask
503196,988,449,711803,nh_cf-entire-mask
503197,989,449,7128818,nh_cf-entire-mask
503198,990,449,10085227,nh_cf-entire-mask
503199,991,449,10149240,nh_cf-entire-mask
503200,992,449,5052759,nh_cf-entire-mask
503201,993,449,3466201,nh_cf-entire-mask
504264,935,450,1882168,nh_cf-entire-mask
504265,936,450,15685354,nh_cf-entire-mask
504266,937,450,16449565,nh_cf-entire-mask
504267,938,450,16444876,nh_cf-entire-mask
504268,939,450,16440182,nh_cf-entire-mask
504269,940,450,16435485,nh_cf-entire-mask
504270,941,450,16430783,nh_cf-entire-mask
504271,942,450,16426076,nh_cf-entire-mask
504272,943,450,16421366,nh_cf-entire-mask
504273,944,450,16416651,nh_cf-entire-mask
504274,945,450,16411932,nh_cf-entire-mask
504275,946,450,16407209,nh_cf-entire-mask
504276,947,450,16402482,nh_cf-entire-mask
504277,948,450,16397751,nh_cf-entire-mask
504278,949,450,16393015,nh_cf-entire-mask
504279,950,450,16388276,nh_cf-entire-mask
504280,951,450,16383532,nh_cf-entire-mask
504281,952,450,16378785,nh_cf-entire-mask
504282,953,450,16374033,nh_cf-entire-mask
504283,954,450,16369278,nh_cf-entire-mask
504284,955,450,16364518,nh_cf-entire-mask
504285,956,450,16359755,nh_cf-entire-mask
504286,957,450,16354987,nh_cf-entire-mask
504287,958,450,16350216,nh_cf-entire-mask
504288,959,450,16345440,nh_cf-entire-mask
504289,960,450,16340661,nh_cf-entire-mask
504290,961,450,16335878,nh_cf-entire-mask
504291,962,450,16331091,nh_cf-entire-mask
504292,963,450,16326300,nh_cf-entire-mask
504293,964,450,16321505,nh_cf-entire-mask
504294,965,450,15850275,nh_cf-entire-mask
504295,966,450,1441874,nh_cf-entire-mask
505385,935,451,2575749,nh_cf-entire-mask
505386,936,451,16464317,nh_cf-entire-mask
505387,937,451,16459623,nh_cf-entire-mask
505388,938,451,16454924,nh_cf-entire-mask
505389,939,451,16450221,nh_cf-entire-mask
505390,940,451,16445513,nh_cf-entire-mask
505391,941,451,16440802,nh_cf-entire-mask
505392,942,451,16436086,nh_cf-entire-mask
505393,943,451,16431366,nh_cf-entire-mask
505394,944,451,16426641,nh_cf-entire-mask
505395,945,451,16421913,nh_cf-entire-mask
505396,946,451,16417180,nh_cf-entire-mask
505397,947,451,16412444,nh_cf-entire-mask
505398,948,451,16407703,nh_cf-entire-mask
505399,949,451,16402958,nh_cf-entire-mask
505400,950,451,16398209,nh_cf-entire-mask
505401,951,451,16393456,nh_cf-entire-mask
505402,952,451,16388699,nh_cf-entire-mask
505403,953,451,16383938,nh_cf-entire-mask
505404,954,451,16379172,nh_cf-entire-mask
505405,955,451,16374403,nh_cf-entire-mask
505406,956,451,16369630,nh_cf-entire-mask
505407,957,451,16364853,nh_cf-entire-mask
505408,958,451,16360072,nh_cf-entire-mask
505409,959,451,16355287,nh_cf-entire-mask
505410,960,451,16350498,nh_cf-entire-mask
505411,961,451,16345705,nh_cf-entire-mask
505412,962,451,16340909,nh_cf-entire-mask
505413,963,451,16336108,nh_cf-entire-mask
505414,964,451,16331304,nh_cf-entire-mask
505415,965,451,12907459,nh_cf-entire-mask
506506,935,452,3269265,nh_cf-entire-mask
506507,936,452,16460502,nh_cf-entire-mask
506508,937,452,16469692,nh_cf-entire-mask
506509,938,452,16464983,nh_cf-entire-mask
506510,939,452,16460271,nh_cf-entire-mask
506511,940,452,16455554,nh_cf-entire-mask
506512,941,452,16450832,nh_cf-entire-mask
506513,942,452,16446107,nh_cf-entire-mask
506514,943,452,16441377,nh_cf-entire-mask
506515,944,452,16436643,nh_cf-entire-mask
506516,945,452,16431905,nh_cf-entire-mask
506517,946,452,16427163,nh_cf-entire-mask
506518,947,452,16422417,nh_cf-entire-mask
506519,948,452,16417667,nh_cf-entire-mask
506520,949,452,16412912,nh_cf-entire-mask
506521,950,452,16408153,nh_cf-entire-mask
506522,951,452,16403391,nh_cf-entire-mask
506523,952,452,16398624,nh_cf-entire-mask
506524,953,452,16393853,nh_cf-entire-mask
506525,954,452,16389078,nh_cf-entire-mask
506526,955,452,16384300,nh_cf-entire-mask
506527,956,452,16379517,nh_cf-entire-mask
506528,957,452,16374730,nh_cf-entire-mask
506529,958,452,16369940,nh_cf-entire-mask
506530,959,452,16365145,nh_cf-entire-mask
506531,960,452,16360347,nh_cf-entire-mask
506532,961,452,16355544,nh_cf-entire-mask
506533,962,452,16350738,nh_cf-entire-mask
506534,963,452,16345928,nh_cf-entire-mask
506535,964,452,14054875,nh_cf-entire-mask
506536,965,452,2063156,nh_cf-entire-mask
507628,936,453,14254233,nh_cf-entire-mask
507629,937,453,16479772,nh_cf-entire-mask
507630,938,453,16475054,nh_cf-entire-mask
507631,939,453,16470332,nh_cf-entire-mask
507632,940,453,16465606,nh_cf-entire-mask
507633,941,453,16460875,nh_cf-entire-mask
507634,942,453,16456140,nh_cf-entire-mask
507635,943,453,16451400,nh_cf-entire-mask
507636,944,453,16446657,nh_cf-entire-mask
507637,945,453,16441909,nh_cf-entire-mask
507638,946,453,16437158,nh_cf-entire-mask
507639,947,453,16432402,nh_cf-entire-mask
507640,948,453,16427642,nh_cf-entire-mask
507641,949,453,16422877,nh_cf-entire-mask
507642,950,453,16418109,nh_cf-entire-mask
507643,951,453,16413337,nh_cf-entire-mask
507644,952,453,16408561,nh_cf-entire-mask
507645,953,453,16403780,nh_cf-entire-mask
507646,954,453,16398996,nh_cf-entire-mask
507647,955,453,16394207,nh_cf-entire-mask
507648,956,453,16389415,nh_cf-entire-mask
507649,957,453,16384619,nh_cf-entire-mask
507650,958,453,16379818,nh_cf-entire-mask
507651,959,453,16375014,nh_cf-entire-mask
507652,960,453,16370206,nh_cf-entire-mask
507653,961,453,16365394,nh_cf-entire-mask
507654,962,453,16360578,nh_cf-entire-mask
507655,963,453,16286096,nh_cf-entire-mask
507656,964,453,7248222,nh_cf-entire-mask
508748,935,454,563483,nh_cf-entire-mask
508749,936,454,13868841,nh_cf-entire-mask
508750,937,454,16489865,nh_cf-entire-mask
508751,938,454,16485137,nh_cf-entire-mask
508752,939,454,16480405,nh_cf-entire-mask
508753,940,454,16475669,nh_cf-entire-mask
508754,941,454,16470929,nh_cf-entire-mask
508755,942,454,16466184,nh_cf-entire-mask
508756,943,454,16461435,nh_cf-entire-mask
508757,944,454,16456682,nh_cf-entire-mask
508758,945,454,16451925,nh_cf-entire-mask
508759,946,454,16447163,nh_cf-entire-mask
508760,947,454,16442398,nh_cf-entire-mask
508761,948,454,16437628,nh_cf-entire-mask
508762,949,454,16432854,nh_cf-entire-mask
508763,950,454,16428077,nh_cf-entire-mask
508764,951,454,16423295,nh_cf-entire-mask
508765,952,454,16418509,nh_cf-entire-mask
508766,953,454,16413719,nh_cf-entire-mask
508767,954,454,16408925,nh_cf-entire-mask
508768,955,454,16404126,nh_cf-entire-mask
508769,956,454,16399324,nh_cf-entire-mask
508770,957,454,16394518,nh_cf-entire-mask
508771,958,454,16389709,nh_cf-entire-mask
508772,959,454,16384895,nh_cf-entire-mask
508773,960,454,16380077,nh_cf-entire-mask
508774,961,454,16375255,nh_cf-entire-mask
508775,962,454,16370430,nh_cf-entire-mask
508776,963,454,7648298,nh_cf-entire-mask
509870,936,455,3760826,nh_cf-entire-mask
509871,937,455,15882352,nh_cf-entire-mask
509872,938,455,16495232,nh_cf-entire-mask
509873,939,455,16490490,nh_cf-entire-mask
509874,940,455,16485745,nh_cf-entire-mask
509875,941,455,16480994,nh_cf-entire-mask
509876,942,455,16476240,nh_cf-entire-mask
509877,943,455,16471482,nh_cf-entire-mask
509878,944,455,16466719,nh_cf-entire-mask
509879,945,455,16461952,nh_cf-entire-mask
509880,946,455,16457181,nh_cf-entire-mask
509881,947,455,16452406,nh_cf-entire-mask
509882,948,455,16447626,nh_cf-entire-mask
509883,949,455,16442843,nh_cf-entire-mask
509884,950,455,16438055,nh_cf-entire-mask
509885,951,455,16433264,nh_cf-entire-mask
509886,952,455,16428468,nh_cf-entire-mask
509887,953,455,16423668,nh_cf-entire-mask
509888,954,455,16418865,nh_cf-entire-mask
509889,955,455,16414057,nh_cf-entire-mask
509890,956,455,16409245,nh_cf-entire-mask
509891,957,455,16404429,nh_cf-entire-mask
509892,958,455,16399610,nh_cf-entire-mask
509893,959,455,16394786,nh_cf-entire-mask
509894,960,455,16389959,nh_cf-entire-mask
509895,961,455,16385127,nh_cf-entire-mask
509896,962,455,16380292,nh_cf-entire-mask
509897,963,455,7742004,nh_cf-entire-mask
510992,937,456,6505510,nh_cf-entire-mask
510993,938,456,16505338,nh_cf-entire-mask
510994,939,456,16500587,nh_cf-entire-mask
510995,940,456,16495832,nh_cf-entire-mask
510996,941,456,16491072,nh_cf-entire-mask
510997,942,456,16486308,nh_cf-entire-mask
510998,943,456,16481540,nh_cf-entire-mask
510999,944,456,16476767,nh_cf-entire-mask
511000,945,456,16471991,nh_cf-entire-mask
511001,946,456,16467210,nh_cf-entire-mask
511002,947,456,16462425,nh_cf-entire-mask
511003,948,456,16457636,nh_cf-entire-mask
511004,949,456,16452843,nh_cf-entire-mask
511005,950,456,16448045,nh_cf-entire-mask
511006,951,456,16443244,nh_cf-entire-mask
511007,952,456,16438439,nh_cf-entire-mask
511008,953,456,14650705,nh_cf-entire-mask
511009,954,456,12942370,nh_cf-entire-mask
511010,955,456,15458886,nh_cf-entire-mask
511011,956,456,16419177,nh_cf-entire-mask
511012,957,456,16414352,nh_cf-entire-mask
511013,958,456,16409522,nh_cf-entire-mask
511014,959,456,16404689,nh_cf-entire-mask
511015,960,456,16399852,nh_cf-entire-mask
511016,961,456,16395011,nh_cf-entire-mask
511017,962,456,14295124,nh_cf-entire-mask
511018,963,456,31606,nh_cf-entire-mask
512113,937,457,994078,nh_cf-entire-mask
512114,938,457,13779752,nh_cf-entire-mask
512115,939,457,16510696,nh_cf-entire-mask
512116,940,457,16505930,nh_cf-entire-mask
512117,941,457,16501161,nh_cf-entire-mask
512118,942,457,16496387,nh_cf-entire-mask
512119,943,457,16491609,nh_cf-entire-mask
512120,944,457,16486827,nh_cf-entire-mask
512121,945,457,16482041,nh_cf-entire-mask
512122,946,457,16477250,nh_cf-entire-mask
512123,947,457,16472456,nh_cf-entire-mask
512124,948,457,16467657,nh_cf-entire-mask
512125,949,457,16462854,nh_cf-entire-mask
512126,950,457,16458047,nh_cf-entire-mask
512127,951,457,16453236,nh_cf-entire-mask
512128,952,457,16448421,nh_cf-entire-mask
512129,953,457,4008295,nh_cf-entire-mask
512130,954,457,105737,nh_cf-entire-mask
512131,955,457,43519,nh_cf-entire-mask
512132,956,457,7811837,nh_cf-entire-mask
512133,957,457,11721749,nh_cf-entire-mask
512134,958,457,16419446,nh_cf-entire-mask
512135,959,457,16414603,nh_cf-entire-mask
512136,960,457,16409756,nh_cf-entire-mask
512137,961,457,16404906,nh_cf-entire-mask
512138,962,457,7666788,nh_cf-entire-mask
513235,938,458,55096,nh_cf-entire-mask
513236,939,458,13455703,nh_cf-entire-mask
513237,940,458,16516041,nh_cf-entire-mask
513238,941,458,16511262,nh_cf-entire-mask
513239,942,458,16506478,nh_cf-entire-mask
513240,943,458,16501691,nh_cf-entire-mask
513241,944,458,16496899,nh_cf-entire-mask
513242,945,458,16492103,nh_cf-entire-mask
513243,946,458,16487302,nh_cf-entire-mask
513244,947,458,16482498,nh_cf-entire-mask
513245,948,458,16477690,nh_cf-entire-mask
513246,949,458,16472877,nh_cf-entire-mask
513247,950,458,16468060,nh_cf-entire-mask
513248,951,458,16463240,nh_cf-entire-mask
513249,952,458,16265826,nh_cf-entire-mask
513250,953,458,1511196,nh_cf-entire-mask
513254,957,458,76712,nh_cf-entire-mask
513255,958,458,6888588,nh_cf-entire-mask
513256,959,458,12252189,nh_cf-entire-mask
513257,960,458,10034762,nh_cf-entire-mask
513258,961,458,6435655,nh_cf-entire-mask
513259,962,458,485301,nh_cf-entire-mask
514357,939,459,8225620,nh_cf-entire-mask
514358,940,459,13415346,nh_cf-entire-mask
514359,941,459,14539450,nh_cf-entire-mask
514360,942,459,6699573,nh_cf-entire-mask
514361,943,459,6029453,nh_cf-entire-mask
514362,944,459,10274200,nh_cf-entire-mask
514363,945,459,16478246,nh_cf-entire-mask
514364,946,459,16497366,nh_cf-entire-mask
514365,947,459,16492552,nh_cf-entire-mask
514366,948,459,16487734,nh_cf-entire-mask
514367,949,459,16482912,nh_cf-entire-mask
514368,950,459,16478085,nh_cf-entire-mask
514369,951,459,16473255,nh_cf-entire-mask
514370,952,459,11414257,nh_cf-entire-mask
515479,940,460,455534,nh_cf-entire-mask
515480,941,460,1587624,nh_cf-entire-mask
515483,944,460,5255,nh_cf-entire-mask
515484,945,460,9765248,nh_cf-entire-mask
515485,946,460,16506967,nh_cf-entire-mask
515486,947,460,16502618,nh_cf-entire-mask
515487,948,460,16497790,nh_cf-entire-mask
515488,949,460,16467244,nh_cf-entire-mask
515489,950,460,16245947,nh_cf-entire-mask
515490,951,460,16483281,nh_cf-entire-mask
515491,952,460,4118364,nh_cf-entire-mask
516605,945,461,129635,nh_cf-entire-mask
516606,946,461,8652963,nh_cf-entire-mask
516607,947,461,7260375,nh_cf-entire-mask
516608,948,461,3210689,nh_cf-entire-mask
516609,949,461,4840298,nh_cf-entire-mask
516610,950,461,2214930,nh_cf-entire-mask
516611,951,461,1897711,nh_cf-entire-mask
516612,952,461,145,nh_cf-entire-mask
